N	num_bits	den_bits	v5_den	v239_den
0	44	47	3	5
1	184	185	15	17
2	316	319	25	29
3	450	451	36	41
4	591	591	47	53
5	720	722	58	65
6	865	866	71	77
7	1001	1002	80	89
8	1134	1136	91	101
9	1282	1283	102	113
10	1407	1407	113	125
11	1555	1555	125	137
12	1687	1687	135	149
13	1822	1822	146	161
14	1967	1968	157	173
15	2102	2104	168	185
16	2243	2244	180	197
17	2369	2370	190	209
18	2497	2498	201	221
19	2649	2649	212	233
20	2777	2779	223	245
21	2917	2918	235	257
22	3056	3057	245	269
23	3200	3202	256	281
24	3341	3343	267	293
25	3463	3463	278	305
26	3617	3619	290	317
27	3727	3729	300	329
28	3860	3860	311	341
29	4009	4009	322	353
30	4137	4138	333	365
31	4278	4283	347	377
32	4420	4422	355	389
33	4553	4553	366	401
34	4682	4682	377	413
35	4824	4825	388	425
36	4963	4966	400	437
37	5110	5110	410	449
38	5248	5248	421	461
39	5384	5386	432	473
40	5515	5515	443	485
41	5656	5656	455	497
42	5800	5801	465	509
43	5930	5930	476	521
44	6059	6059	487	533
45	6192	6194	498	545
46	6340	6341	510	557
47	6473	6474	520	569
48	6609	6612	531	581
49	6750	6755	542	593
50	6896	6897	553	605
51	7042	7042	565	617
52	7172	7174	577	629
53	7305	7309	586	641
54	7457	7457	597	653
55	7596	7596	608	665
56	7744	7745	621	677
57	7870	7870	630	689
58	8000	8001	641	701
59	8130	8131	652	713
60	8260	8261	663	725
61	8404	8404	675	737
62	8539	8541	685	749
63	8689	8690	696	761
64	8826	8830	707	773
65	8950	8950	718	785
66	9092	9092	730	797
67	9217	9220	740	809
68	9359	9360	751	821
69	9508	9509	762	833
70	9640	9644	773	845
71	9785	9786	785	857
72	9922	9924	795	869
73	10063	10064	806	881
74	10196	10196	817	893
75	10315	10317	828	905
76	10456	10459	840	917
77	10594	10595	849	929
78	10737	10737	861	941
79	10885	10885	872	953
80	11011	11011	883	965
81	11165	11166	896	977
82	11289	11291	905	989
83	11431	11431	916	1001
84	11567	11572	927	1013
85	11711	11712	938	1025
86	11854	11855	950	1037
87	11993	11993	960	1049
88	12131	12133	971	1061
89	12273	12274	982	1073
90	12388	12390	993	1085
91	12552	12553	1005	1097
92	12689	12691	1015	1109
93	12819	12822	1026	1121
94	12960	12962	1037	1133
95	13089	13090	1048	1145
96	13229	13233	1060	1157
97	13368	13369	1070	1169
98	13509	13509	1081	1181
99	13650	13650	1092	1193
100	13781	13781	1103	1205
101	13922	13924	1115	1217
102	14060	14063	1125	1229
103	14202	14203	1136	1241
104	14334	14334	1147	1253
105	14461	14465	1158	1265
106	14600	14600	1171	1277
107	14746	14747	1180	1289
108	14892	14893	1191	1301
109	15031	15034	1202	1313
110	15173	15175	1213	1325
111	15303	15305	1225	1337
112	15416	15417	1235	1349
113	15545	15548	1246	1361
114	15697	15699	1257	1373
115	15826	15830	1268	1385
116	15952	15953	1280	1397
117	16091	16092	1290	1409
118	16211	16212	1301	1421
119	16374	16374	1312	1433
120	16502	16505	1323	1445
121	16659	16659	1335	1457
122	16786	16788	1345	1469
123	16929	16929	1356	1481
124	17090	17092	1367	1493
125	17228	17229	1378	1505
126	17368	17369	1390	1517
127	17494	17497	1400	1529
128	17628	17628	1411	1541
129	17779	17780	1422	1553
130	17910	17911	1433	1565
131	18053	18057	1446	1577
132	18194	18194	1455	1589
133	18336	18336	1466	1601
134	18486	18488	1477	1613
135	18628	18630	1488	1625
136	18772	18774	1500	1637
137	18890	18892	1510	1649
138	19023	19023	1521	1661
139	19181	19183	1532	1674
140	19294	19295	1543	1685
141	19438	19439	1555	1697
142	19578	19579	1565	1709
143	19710	19710	1576	1721
144	19850	19852	1587	1733
145	19979	19983	1598	1745
146	20127	20127	1610	1757
147	20253	20256	1620	1769
148	20385	20387	1631	1781
149	20540	20540	1642	1793
150	20674	20675	1653	1805
151	20806	20806	1665	1817
152	20932	20935	1675	1829
153	21063	21066	1686	1841
154	21205	21207	1697	1853
155	21338	21338	1708	1865
156	21510	21512	1723	1877
157	21643	21644	1730	1889
158	21771	21776	1741	1901
159	21909	21911	1752	1913
160	22024	22025	1763	1925
161	22168	22169	1775	1937
162	22295	22298	1785	1949
163	22424	22429	1796	1961
164	22559	22561	1807	1973
165	22691	22692	1818	1985
166	22837	22843	1830	1997
167	22981	22983	1840	2009
168	23125	23125	1851	2021
169	23271	23272	1862	2033
170	23403	23403	1873	2045
171	23536	23537	1885	2057
172	23675	23677	1895	2069
173	23805	23808	1906	2081
174	23959	23962	1917	2093
175	24089	24093	1928	2105
176	24237	24238	1940	2117
177	24375	24376	1951	2129
178	24527	24527	1961	2141
179	24670	24670	1972	2153
180	24808	24808	1983	2165
181	24932	24933	1996	2177
182	25060	25062	2005	2189
183	25185	25186	2016	2201
184	25343	25345	2027	2213
185	25475	25476	2038	2225
186	25610	25610	2050	2237
187	25749	25750	2060	2249
188	25882	25882	2071	2261
189	26028	26028	2082	2273
190	26159	26160	2093	2285
191	26309	26310	2105	2297
192	26439	26439	2115	2309
193	26569	26571	2126	2321
194	26697	26702	2137	2333
195	26843	26845	2148	2345
196	27001	27001	2160	2357
197	27117	27119	2170	2369
198	27273	27273	2181	2381
199	27427	27427	2192	2393
200	27560	27562	2203	2405
201	27701	27702	2215	2417
202	27828	27829	2224	2429
203	27974	27975	2236	2441
204	28116	28117	2247	2453
205	28245	28248	2258	2465
206	28404	28407	2271	2477
207	28523	28523	2280	2489
208	28643	28643	2291	2501
209	28774	28775	2302	2513
210	28906	28907	2313	2525
211	29044	29045	2325	2537
212	29196	29197	2335	2549
213	29340	29340	2346	2561
214	29466	29467	2357	2573
215	29597	29599	2368	2585
216	29743	29744	2380	2597
217	29873	29874	2390	2609
218	30016	30017	2401	2621
219	30146	30148	2412	2633
220	30267	30269	2423	2645
221	30414	30414	2435	2657
222	30554	30555	2445	2669
223	30698	30698	2456	2681
224	30863	30864	2467	2693
225	30995	30996	2478	2705
226	31152	31153	2490	2717
227	31293	31294	2500	2729
228	31435	31437	2511	2741
229	31578	31580	2522	2753
230	31699	31700	2533	2765
231	31848	31848	2546	2777
232	31975	31975	2555	2789
233	32129	32130	2566	2801
234	32267	32268	2577	2813
235	32399	32399	2588	2825
236	32543	32545	2600	2837
237	32672	32674	2610	2849
238	32829	32829	2621	2861
239	32949	32950	2632	2873
240	33080	33081	2643	2885
241	33227	33227	2655	2897
242	33365	33368	2665	2909
243	33498	33500	2676	2921
244	33626	33632	2687	2933
245	33761	33764	2698	2945
246	33909	33910	2710	2957
247	34047	34051	2720	2969
248	34182	34183	2731	2981
249	34300	34303	2742	2993
250	34445	34446	2753	3005
251	34574	34574	2765	3017
252	34715	34716	2775	3029
253	34858	34859	2786	3041
254	34991	34991	2797	3053
255	35122	35123	2808	3065
256	35259	35260	2821	3077
257	35410	35410	2830	3089
258	35530	35530	2841	3101
259	35660	35662	2852	3113
260	35804	35806	2863	3125
261	35939	35940	2875	3137
262	36064	36064	2885	3149
263	36180	36185	2896	3161
264	36338	36340	2907	3173
265	36471	36472	2918	3185
266	36618	36618	2930	3197
267	36758	36759	2940	3209
268	36900	36903	2951	3221
269	37030	37035	2962	3233
270	37148	37149	2973	3245
271	37306	37307	2985	3257
272	37435	37436	2995	3269
273	37567	37568	3006	3281
274	37687	37689	3017	3293
275	37832	37832	3028	3305
276	37978	37978	3040	3317
277	38130	38132	3050	3329
278	38263	38264	3061	3341
279	38405	38407	3072	3353
280	38548	38551	3083	3365
281	38700	38702	3097	3377
282	38826	38827	3105	3389
283	38965	38965	3116	3401
284	39108	39109	3127	3413
285	39229	39230	3138	3425
286	39360	39364	3150	3437
287	39493	39494	3160	3449
288	39636	39638	3171	3461
289	39793	39793	3182	3473
290	39914	39919	3193	3485
291	40052	40054	3205	3497
292	40183	40184	3215	3509
293	40328	40328	3226	3521
294	40481	40483	3237	3533
295	40626	40627	3248	3545
296	40771	40774	3260	3557
297	40901	40903	3270	3569
298	41047	41047	3281	3581
299	41190	41191	3292	3593
300	41311	41312	3303	3605
301	41468	41470	3315	3617
302	41601	41602	3326	3629
303	41743	41744	3336	3641
304	41876	41876	3347	3653
305	42007	42008	3358	3665
306	42161	42169	3371	3677
307	42280	42284	3380	3689
308	42440	42440	3391	3701
309	42572	42572	3402	3713
310	42707	42710	3413	3725
311	42856	42857	3425	3737
312	42985	42987	3435	3749
313	43116	43119	3446	3761
314	43262	43263	3457	3773
315	43395	43395	3468	3785
316	43542	43542	3480	3797
317	43671	43672	3490	3809
318	43801	43804	3501	3821
319	43948	43948	3512	3833
320	44067	44069	3523	3845
321	44227	44227	3535	3857
322	44357	44357	3545	3869
323	44498	44501	3556	3881
324	44632	44633	3567	3893
325	44751	44754	3578	3905
326	44909	44912	3590	3917
327	45064	45064	3599	3929
328	45196	45198	3611	3941
329	45339	45343	3622	3953
330	45463	45463	3633	3965
331	45599	45600	3646	3977
332	45726	45727	3655	3989
333	45856	45856	3666	4001
334	46011	46013	3677	4013
335	46157	46157	3688	4025
336	46290	46292	3700	4037
337	46421	46422	3710	4049
338	46558	46559	3721	4061
339	46695	46698	3732	4073
340	46830	46831	3743	4085
341	46975	46977	3755	4097
342	47107	47107	3765	4109
343	47229	47232	3776	4121
344	47388	47389	3787	4133
345	47519	47521	3798	4145
346	47667	47668	3810	4157
347	47796	47798	3820	4169
348	47929	47930	3831	4181
349	48050	48050	3842	4193
350	48182	48183	3853	4205
351	48329	48330	3865	4217
352	48472	48472	3875	4229
353	48614	48616	3886	4241
354	48760	48761	3897	4253
355	48905	48905	3908	4265
356	49049	49054	3921	4277
357	49193	49194	3930	4289
358	49326	49326	3941	4301
359	49437	49447	3952	4313
360	49561	49567	3963	4325
361	49711	49714	3975	4337
362	49853	49856	3985	4349
363	49987	49989	3996	4361
364	50131	50133	4007	4373
365	50249	50253	4018	4385
366	50399	50400	4030	4397
367	50529	50530	4040	4409
368	50659	50663	4051	4421
369	50795	50795	4062	4433
370	50927	50928	4073	4445
371	51087	51087	4085	4457
372	51217	51217	4095	4469
373	51355	51357	4106	4481
374	51503	51508	4117	4493
375	51627	51628	4128	4505
376	51787	51787	4140	4517
377	51929	51929	4150	4529
378	52057	52058	4161	4542
379	52192	52194	4172	4553
380	52324	52327	4183	4565
381	52463	52464	4196	4577
382	52592	52592	4205	4589
383	52735	52737	4216	4601
384	52866	52869	4227	4613
385	53001	53002	4238	4625
386	53136	53137	4250	4637
387	53291	53291	4260	4649
388	53435	53436	4271	4661
389	53578	53581	4282	4673
390	53713	53713	4293	4685
391	53847	53848	4305	4697
392	53976	53978	4315	4709
393	54110	54111	4326	4721
394	54265	54268	4337	4733
395	54386	54388	4348	4745
396	54522	54523	4360	4757
397	54650	54653	4370	4769
398	54774	54774	4381	4781
399	54942	54943	4392	4793
400	55086	55088	4403	4805
401	55233	55235	4415	4817
402	55349	55353	4425	4829
403	55485	55485	4436	4841
404	55605	55606	4447	4853
405	55737	55738	4458	4865
406	55890	55890	4472	4877
407	56011	56016	4480	4889
408	56135	56136	4491	4901
409	56278	56278	4502	4913
410	56410	56411	4513	4925
411	56570	56570	4525	4937
412	56700	56701	4535	4949
413	56839	56839	4546	4961
414	56995	56996	4557	4973
415	57116	57116	4568	4985
416	57261	57263	4580	4997
417	57418	57418	4590	5009
418	57562	57563	4601	5021
419	57694	57696	4612	5033
420	57831	57835	4623	5045
421	57970	57970	4635	5057
422	58098	58100	4645	5069
423	58243	58245	4656	5081
424	58378	58378	4667	5093
425	58522	58523	4678	5105
426	58667	58670	4690	5117
427	58807	58809	4701	5129
428	58927	58927	4711	5141
429	59071	59072	4722	5153
430	59193	59193	4733	5165
431	59340	59343	4746	5177
432	59483	59483	4755	5189
433	59614	59616	4766	5201
434	59753	59755	4777	5213
435	59875	59876	4788	5225
436	60045	60048	4800	5237
437	60157	60159	4810	5249
438	60291	60292	4821	5261
439	60424	60424	4832	5273
440	60568	60570	4843	5285
441	60701	60705	4855	5297
442	60843	60847	4865	5309
443	60967	60968	4876	5321
444	61116	61119	4887	5333
445	61237	61239	4898	5345
446	61387	61387	4910	5357
447	61504	61505	4920	5369
448	61637	61638	4931	5381
449	61782	61783	4942	5393
450	61912	61915	4953	5405
451	62075	62075	4965	5417
452	62202	62203	4974	5429
453	62362	62363	4986	5441
454	62508	62509	4997	5453
455	62634	62636	5008	5465
456	62784	62785	5021	5477
457	62926	62926	5030	5489
458	63059	63059	5041	5501
459	63204	63204	5052	5513
460	63349	63349	5063	5525
461	63495	63497	5075	5537
462	63614	63615	5085	5549
463	63747	63748	5096	5561
464	63905	63905	5107	5573
465	64037	64038	5118	5585
466	64173	64173	5130	5597
467	64291	64291	5140	5609
468	64410	64412	5151	5621
469	64543	64544	5162	5633
470	64687	64690	5173	5645
471	64862	64862	5185	5657
472	65005	65005	5195	5669
473	65125	65125	5206	5681
474	65283	65283	5217	5693
475	65415	65416	5228	5705
476	65562	65564	5240	5717
477	65681	65682	5250	5729
478	65825	65827	5261	5741
479	65971	65972	5272	5753
480	66093	66093	5283	5765
481	66218	66218	5296	5777
482	66355	66358	5305	5789
483	66502	66504	5316	5801
484	66647	66649	5327	5813
485	66782	66782	5338	5825
486	66917	66917	5350	5837
487	67071	67073	5360	5849
488	67230	67231	5371	5861
489	67374	67376	5382	5873
490	67521	67521	5393	5885
491	67655	67657	5405	5897
492	67781	67787	5415	5909
493	67904	67908	5426	5921
494	68051	68053	5437	5933
495	68186	68186	5448	5945
496	68320	68321	5460	5957
497	68439	68439	5470	5969
498	68569	68572	5481	5981
499	68703	68705	5492	5993
500	68825	68825	5503	6005
501	68973	68973	5515	6017
502	69102	69104	5525	6029
503	69235	69237	5536	6041
504	69394	69395	5547	6053
505	69514	69515	5558	6065
506	69663	69665	5571	6077
507	69804	69806	5580	6089
508	69951	69951	5591	6101
509	70082	70084	5602	6113
510	70216	70217	5613	6125
511	70360	70361	5625	6137
512	70492	70496	5635	6149
513	70628	70629	5646	6161
514	70770	70771	5657	6173
515	70890	70891	5668	6185
516	71026	71026	5680	6197
517	71168	71170	5690	6209
518	71326	71328	5701	6221
519	71457	71461	5712	6233
520	71587	71587	5723	6245
521	71734	71735	5735	6257
522	71873	71878	5745	6269
523	72022	72024	5756	6281
524	72154	72157	5767	6293
525	72301	72303	5778	6305
526	72450	72451	5790	6317
527	72589	72590	5800	6329
528	72723	72723	5811	6341
529	72871	72872	5822	6353
530	73017	73018	5833	6365
531	73169	73171	5847	6377
532	73309	73309	5855	6389
533	73441	73442	5866	6401
534	73564	73566	5877	6413
535	73697	73699	5888	6425
536	73833	73834	5900	6437
537	73965	73965	5910	6449
538	74097	74098	5921	6461
539	74243	74244	5932	6473
540	74374	74377	5943	6485
541	74512	74512	5955	6497
542	74626	74630	5965	6509
543	74763	74763	5976	6521
544	74891	74896	5987	6533
545	75014	75017	5998	6545
546	75175	75177	6010	6557
547	75322	75322	6020	6569
548	75481	75481	6031	6581
549	75601	75601	6042	6593
550	75733	75734	6053	6605
551	75866	75869	6065	6617
552	76002	76002	6076	6629
553	76132	76133	6086	6641
554	76265	76266	6097	6653
555	76415	76415	6108	6665
556	76548	76553	6121	6677
557	76692	76694	6130	6689
558	76840	76840	6141	6701
559	76985	76986	6152	6713
560	77115	77119	6163	6725
561	77266	77267	6175	6737
562	77384	77385	6185	6749
563	77518	77518	6196	6761
564	77649	77651	6207	6773
565	77794	77797	6218	6785
566	77945	77945	6230	6797
567	78073	78076	6240	6809
568	78196	78196	6251	6821
569	78367	78368	6262	6833
570	78499	78501	6273	6845
571	78631	78631	6285	6857
572	78777	78779	6295	6869
573	78907	78909	6305	6881
574	79051	79051	6317	6893
575	79177	79177	6328	6905
576	79338	79338	6340	6917
577	79451	79452	6348	6929
578	79575	79577	6361	6941
579	79721	79723	6372	6953
580	79868	79869	6383	6965
581	80031	80032	6396	6977
582	80160	80160	6405	6989
583	80319	80319	6416	7001
584	80451	80452	6427	7013
585	80585	80585	6438	7025
586	80718	80721	6450	7037
587	80864	80864	6460	7049
588	80996	80997	6471	7061
589	81130	81131	6482	7073
590	81263	81264	6493	7085
591	81386	81386	6505	7097
592	81529	81530	6515	7109
593	81670	81670	6526	7121
594	81815	81816	6537	7133
595	81932	81936	6548	7145
596	82071	82072	6560	7157
597	82200	82203	6570	7169
598	82334	82336	6581	7181
599	82479	82482	6592	7193
600	82591	82602	6603	7205
601	82756	82763	6615	7217
602	82903	82907	6625	7229
603	83039	83040	6636	7241
604	83198	83199	6647	7253
605	83319	83319	6658	7265
606	83441	83444	6671	7277
607	83571	83573	6680	7289
608	83705	83706	6691	7301
609	83849	83852	6702	7313
610	83984	83985	6713	7325
611	84133	84133	6725	7337
612	84262	84264	6735	7349
613	84397	84398	6746	7361
614	84529	84531	6757	7373
615	84650	84651	6768	7385
616	84786	84787	6780	7397
617	84909	84913	6790	7410
618	85050	85051	6801	7421
619	85182	85184	6812	7433
620	85304	85304	6823	7445
621	85452	85453	6835	7457
622	85583	85584	6845	7469
623	85729	85730	6856	7481
624	85875	85876	6867	7493
625	86008	86009	6878	7505
626	86154	86157	6890	7517
627	86300	86301	6900	7529
628	86446	86447	6911	7541
629	86592	86593	6922	7553
630	86739	86740	6933	7565
631	86890	86890	6946	7577
632	87031	87032	6955	7589
633	87165	87165	6966	7601
634	87311	87311	6977	7613
635	87444	87444	6988	7625
636	87566	87567	7000	7637
637	87720	87724	7010	7649
638	87844	87844	7021	7661
639	87988	87990	7032	7673
640	88123	88124	7043	7685
641	88271	88272	7055	7697
642	88415	88416	7065	7709
643	88548	88549	7076	7721
644	88695	88695	7087	7733
645	88819	88822	7098	7745
646	88970	88970	7110	7757
647	89101	89101	7120	7769
648	89221	89222	7131	7781
649	89366	89368	7142	7793
650	89485	89488	7153	7805
651	89623	89624	7165	7817
652	89767	89768	7175	7829
653	89901	89901	7186	7841
654	90033	90034	7197	7853
655	90153	90155	7208	7865
656	90317	90321	7222	7877
657	90460	90460	7230	7889
658	90587	90593	7241	7901
659	90724	90727	7252	7913
660	90864	90866	7263	7925
661	91026	91028	7275	7937
662	91158	91159	7285	7949
663	91299	91299	7296	7961
664	91431	91432	7307	7973
665	91551	91553	7318	7985
666	91687	91688	7330	7997
667	91818	91819	7340	8009
668	91960	91966	7351	8021
669	92083	92086	7362	8033
670	92218	92219	7373	8045
671	92354	92355	7385	8057
672	92498	92499	7395	8069
673	92631	92632	7406	8081
674	92792	92792	7417	8093
675	92924	92925	7428	8105
676	93073	93074	7440	8117
677	93208	93209	7452	8129
678	93324	93325	7461	8141
679	93458	93458	7472	8153
680	93588	93592	7483	8165
681	93738	93743	7496	8177
682	93870	93871	7505	8189
683	94001	94005	7516	8201
684	94138	94138	7527	8213
685	94284	94284	7538	8225
686	94444	94446	7550	8237
687	94569	94571	7560	8249
688	94691	94691	7571	8261
689	94850	94850	7582	8273
690	94970	94971	7593	8285
691	95145	95145	7605	8297
692	95263	95263	7615	8309
693	95408	95410	7626	8321
694	95542	95543	7637	8333
695	95663	95664	7648	8345
696	95799	95799	7660	8357
697	95941	95943	7670	8369
698	96075	96077	7681	8381
699	96222	96223	7692	8393
700	96342	96343	7703	8405
701	96464	96466	7715	8417
702	96615	96621	7724	8429
703	96761	96763	7736	8441
704	96910	96910	7747	8453
705	97043	97043	7758	8465
706	97180	97181	7771	8477
707	97296	97297	7780	8489
708	97427	97430	7791	8501
709	97561	97564	7802	8513
710	97695	97697	7813	8525
711	97843	97846	7825	8537
712	97988	97990	7835	8549
713	98110	98110	7846	8561
714	98251	98257	7857	8573
715	98388	98390	7868	8585
716	98524	98526	7880	8597
717	98670	98670	7890	8609
718	98790	98791	7901	8621
719	98947	98950	7912	8633
720	99083	99084	7923	8645
721	99211	99212	7935	8657
722	99354	99356	7945	8669
723	99497	99502	7956	8681
724	99647	99649	7967	8693
725	99781	99782	7978	8705
726	99930	99931	7990	8717
727	100060	100062	8000	8729
728	100222	100222	8011	8741
729	100366	100368	8022	8753
730	100501	100502	8033	8765
731	100627	100627	8046	8777
732	100768	100769	8055	8789
733	100886	100889	8066	8801
734	101034	101036	8077	8813
735	101182	101182	8088	8825
736	101329	101331	8100	8837
737	101475	101475	8110	8849
738	101608	101609	8121	8861
739	101755	101755	8132	8873
740	101875	101876	8143	8885
741	102024	102025	8155	8897
742	102142	102143	8165	8909
743	102260	102263	8176	8921
744	102421	102423	8187	8933
745	102553	102556	8198	8945
746	102692	102692	8210	8957
747	102836	102836	8220	8969
748	102969	102970	8231	8981
749	103086	103090	8242	8993
750	103236	103237	8253	9005
751	103396	103399	8265	9017
752	103530	103530	8275	9029
753	103663	103664	8286	9041
754	103806	103810	8297	9053
755	103943	103944	8308	9065
756	104087	104090	8321	9077
757	104202	104205	8330	9089
758	104336	104339	8341	9101
759	104484	104485	8352	9113
760	104605	104606	8363	9125
761	104768	104768	8375	9137
762	104886	104886	8385	9149
763	105046	105046	8396	9161
764	105179	105179	8407	9173
765	105313	105313	8418	9185
766	105449	105449	8430	9197
767	105606	105606	8440	9209
768	105738	105740	8451	9221
769	105873	105873	8462	9233
770	106018	106020	8473	9245
771	106156	106156	8485	9257
772	106273	106274	8495	9269
773	106420	106421	8506	9281
774	106555	106559	8517	9293
775	106679	106680	8528	9305
776	106815	106815	8540	9317
777	106960	106960	8550	9329
778	107106	107107	8561	9341
779	107250	107253	8572	9353
780	107370	107374	8583	9365
781	107531	107532	8599	9377
782	107634	107634	8605	9389
783	107780	107781	8616	9401
784	107932	107934	8627	9413
785	108078	108081	8638	9425
786	108243	108243	8650	9437
787	108373	108374	8660	9449
788	108506	108508	8671	9461
789	108668	108668	8682	9473
790	108799	108801	8693	9485
791	108950	108951	8705	9497
792	109060	109063	8715	9509
793	109215	109215	8726	9521
794	109348	109349	8737	9533
795	109481	109482	8748	9545
796	109629	109632	8760	9557
797	109749	109750	8770	9569
798	109869	109870	8781	9581
799	110009	110009	8792	9593
800	110148	110149	8803	9605
801	110280	110285	8815	9617
802	110443	110445	8826	9629
803	110575	110576	8836	9641
804	110722	110723	8847	9653
805	110856	110857	8858	9665
806	110995	110995	8871	9677
807	111136	111137	8880	9689
808	111270	111271	8891	9701
809	111390	111391	8902	9713
810	111536	111538	8913	9725
811	111673	111674	8925	9737
812	111831	111832	8935	9749
813	111952	111952	8946	9761
814	112095	112099	8957	9773
815	112232	112233	8968	9785
816	112388	112390	8980	9797
817	112516	112521	8990	9809
818	112666	112668	9001	9821
819	112814	112815	9012	9833
820	112947	112948	9023	9845
821	113096	113098	9035	9857
822	113228	113229	9045	9869
823	113360	113362	9056	9881
824	113507	113509	9067	9893
825	113641	113643	9078	9905
826	113775	113779	9090	9917
827	113921	113921	9099	9929
828	114068	114070	9111	9941
829	114203	114204	9122	9953
830	114323	114324	9133	9965
831	114474	114476	9146	9977
832	114591	114592	9155	9989
833	114711	114712	9166	10001
834	114858	114859	9177	10013
835	114979	114979	9188	10025
836	115114	115115	9200	10037
837	115242	115247	9210	10049
838	115379	115380	9221	10061
839	115526	115527	9232	10073
840	115659	115661	9243	10085
841	115809	115810	9255	10097
842	115952	115955	9265	10109
843	116088	116088	9276	10121
844	116220	116222	9287	10133
845	116366	116369	9298	10145
846	116503	116505	9310	10157
847	116663	116663	9320	10169
848	116810	116810	9331	10181
849	116941	116944	9342	10193
850	117070	117071	9353	10205
851	117203	117207	9365	10217
852	117331	117338	9375	10229
853	117455	117458	9386	10241
854	117607	117619	9397	10253
855	117744	117752	9408	10265
856	117920	117925	9421	10278
857	118045	118046	9430	10289
858	118177	118180	9441	10301
859	118326	118327	9452	10313
860	118460	118461	9463	10325
861	118623	118623	9475	10337
862	118753	118755	9485	10349
863	118888	118888	9496	10361
864	119022	119022	9507	10373
865	119142	119143	9518	10385
866	119277	119279	9530	10397
867	119410	119410	9540	10409
868	119530	119530	9551	10421
869	119690	119691	9562	10433
870	119810	119811	9573	10445
871	119960	119960	9585	10457
872	120105	120105	9595	10469
873	120238	120239	9606	10481
874	120371	120373	9617	10493
875	120518	120520	9628	10505
876	120653	120656	9640	10517
877	120783	120787	9650	10529
878	120920	120921	9661	10541
879	121040	121041	9672	10553
880	121175	121175	9683	10565
881	121310	121313	9696	10577
882	121441	121442	9705	10589
883	121587	121589	9716	10601
884	121739	121743	9727	10613
885	121863	121863	9738	10625
886	122010	122013	9750	10637
887	122144	122144	9760	10649
888	122289	122291	9771	10661
889	122438	122439	9782	10673
890	122558	122559	9793	10685
891	122708	122708	9805	10697
892	122839	122840	9815	10709
893	122973	122973	9826	10721
894	123131	123134	9837	10733
895	123267	123268	9848	10745
896	123403	123404	9860	10757
897	123520	123522	9870	10769
898	123664	123669	9881	10781
899	123801	123803	9892	10793
900	123936	123936	9903	10805
901	124059	124059	9915	10817
902	124177	124177	9925	10829
903	124322	124324	9936	10841
904	124471	124472	9947	10853
905	124617	124619	9958	10865
906	124758	124759	9972	10877
907	124899	124900	9980	10889
908	125029	125033	9991	10901
909	125179	125181	10002	10913
910	125299	125301	10013	10925
911	125437	125437	10025	10937
912	125581	125582	10035	10949
913	125715	125716	10046	10961
914	125849	125849	10057	10973
915	125982	125983	10068	10985
916	126132	126133	10080	10997
917	126264	126264	10090	11009
918	126384	126384	10101	11021
919	126517	126518	10112	11033
920	126636	126639	10123	11045
921	126786	126788	10135	11057
922	126932	126933	10145	11069
923	127067	127067	10156	11081
924	127227	127228	10167	11093
925	127347	127348	10178	11105
926	127496	127497	10190	11117
927	127631	127631	10201	11129
928	127762	127763	10211	11141
929	127895	127896	10222	11153
930	128044	128044	10233	11165
931	128209	128209	10246	11177
932	128323	128325	10255	11189
933	128457	128459	10266	11201
934	128591	128592	10277	11213
935	128711	128713	10288	11225
936	128835	128835	10300	11237
937	128980	128980	10310	11249
938	129141	129141	10321	11261
939	129274	129275	10332	11273
940	129409	129409	10343	11285
941	129543	129545	10355	11297
942	129676	129676	10365	11309
943	129836	129837	10376	11321
944	129969	129971	10387	11333
945	130091	130091	10398	11345
946	130240	130241	10410	11357
947	130372	130372	10420	11369
948	130492	130493	10431	11381
949	130640	130640	10442	11393
950	130771	130774	10453	11405
951	130910	130910	10465	11417
952	131038	131039	10474	11429
953	131175	131175	10486	11441
954	131329	131329	10497	11453
955	131449	131450	10508	11465
956	131597	131602	10521	11477
957	131743	131744	10530	11489
958	131890	131892	10541	11501
959	132023	132026	10552	11513
960	132157	132159	10563	11525
961	132295	132296	10575	11537
962	132424	132427	10585	11549
963	132559	132561	10596	11561
964	132679	132681	10607	11573
965	132815	132815	10618	11585
966	132978	132978	10630	11597
967	133092	133096	10640	11609
968	133243	133244	10651	11621
969	133377	133378	10662	11633
970	133495	133498	10673	11645
971	133632	133634	10685	11657
972	133743	133752	10695	11669
973	133894	133900	10706	11681
974	134031	134033	10717	11693
975	134181	134181	10728	11705
976	134315	134317	10740	11717
977	134448	134448	10750	11729
978	134582	134582	10761	11741
979	134716	134716	10772	11753
980	134836	134837	10783	11765
981	134974	134975	10796	11777
982	135128	135131	10805	11789
983	135262	135265	10816	11801
984	135410	135413	10827	11813
985	135546	135547	10838	11825
986	135709	135710	10850	11837
987	135841	135841	10860	11849
988	135958	135962	10871	11861
989	136109	136109	10882	11873
990	136234	136236	10893	11885
991	136383	136386	10905	11897
992	136530	136531	10915	11909
993	136650	136651	10926	11921
994	136810	136812	10937	11933
995	136954	136960	10948	11945
996	137094	137096	10960	11957
997	137241	137241	10970	11969
998	137389	137389	10981	11981
999	137522	137523	10992	11993
1000	137642	137643	11003	12005
