stream,N,L,sample_size,support_size,max_count,sum_squared_counts,collision_pairs,count_spectrum,exact_entropy_expression,entropy_nats,entropy_nats_per_digit,normalized_entropy_H_over_L_log10
pi,1000,1,1000,10,116,100474,49737,93:2;94:1;95:1;97:1;101:1;102:1;103:1;106:1;116:1,ln(1000)-(186*ln(93)+94*ln(94)+95*ln(95)+97*ln(97)+101*ln(101)+102*ln(102)+103*ln(103)+106*ln(106)+116*ln(116))/1000,2.300264303017538813079600236723,2.300264303017538813079600236723,0.998992093719546688505003151299
pi,1000,2,999,100,18,10945,4973,4:1;5:3;6:8;7:10;8:14;9:15;10:11;11:10;12:6;13:7;14:4;15:3;16:6;17:1;18:1,ln(999)-(4*ln(4)+15*ln(5)+48*ln(6)+70*ln(7)+112*ln(8)+135*ln(9)+110*ln(10)+110*ln(11)+72*ln(12)+91*ln(13)+56*ln(14)+45*ln(15)+96*ln(16)+17*ln(17)+18*ln(18))/999,4.557592118406909772246412422575,2.278796059203454886123206211287,0.989668553894936418495502748650
pi,1000,4,997,951,3,1097,50,1:909;2:38;3:4,ln(997)-(909*ln(1)+76*ln(2)+12*ln(3))/997,6.838690054629267457810981665201,1.709672513657316864452745416300,0.742501338543034662145923544851
pi,1000,8,993,993,1,993,0,1:993,ln(993)-(993*ln(1))/993,6.900730664045172592179862076499,0.862591333005646574022482759562,0.374618656061922646987896063824
pi,1000,16,985,985,1,985,0,1:985,ln(985)-(985*ln(1))/985,6.892641641172088881380556662389,0.430790102573255555086284791399,0.187089764406100733259875338937
pi,1000,32,969,969,1,969,0,1:969,ln(969)-(969*ln(1))/969,6.876264611890766231653807286684,0.214883269121586444739181477709,0.093322618032836416480360352292
pi,3000,1,3000,10,332,904842,450921,259:1;265:1;287:1;302:1;303:1;309:1;310:1;315:1;318:1;332:1,ln(3000)-(259*ln(259)+265*ln(265)+287*ln(287)+302*ln(302)+303*ln(303)+309*ln(309)+310*ln(310)+315*ln(315)+318*ln(318)+332*ln(332))/3000,2.299845679476750879482843022241,2.299845679476750879482843022241,0.998810287825787688074222525618
pi,3000,2,2999,100,43,93449,45225,18:1;19:3;20:1;21:5;22:1;23:3;24:5;25:3;26:3;27:7;28:7;29:11;30:10;31:5;32:5;33:4;34:5;35:3;36:2;37:1;38:4;39:3;40:3;42:4;43:1,ln(2999)-(18*ln(18)+57*ln(19)+20*ln(20)+105*ln(21)+22*ln(22)+69*ln(23)+120*ln(24)+75*ln(25)+78*ln(26)+189*ln(27)+196*ln(28)+319*ln(29)+300*ln(30)+155*ln(31)+160*ln(32)+132*ln(33)+170*ln(34)+105*ln(35)+72*ln(36)+37*ln(37)+152*ln(38)+117*ln(39)+120*ln(40)+168*ln(42)+43*ln(43))/2999,4.585601658703691384756670677138,2.292800829351845692378335338569,0.995750748290705930915613574278
pi,3000,4,2997,2595,4,3877,440,1:2230;2:329;3:35;4:1,ln(2997)-(2230*ln(1)+658*ln(2)+105*ln(3)+4*ln(4))/2997,7.812844440502157005855523951799,1.953211110125539251463880987950,0.848268807119646419069018450704
pi,3000,8,2993,2993,1,2993,0,1:2993,ln(2993)-(2993*ln(1))/2993,8.004031507852698932958872230476,1.000503938481587366619859028809,0.434513339605023924447974843805
pi,3000,16,2985,2985,1,2985,0,1:2985,ln(2985)-(2985*ln(1))/2985,8.001355025826702461406125862017,0.500084689114168903837882866376,0.217184020966586743261331924559
pi,3000,32,2969,2969,1,2969,0,1:2969,ln(2969)-(2969*ln(1))/2969,7.995980474763759802488748395275,0.249874389836367493827773387352,0.108519068674876394960113157808
pi,10000,1,10000,10,1046,10009318,4999659,948:1;968:1;970:1;974:1;1012:1;1014:1;1021:2;1026:1;1046:1,ln(10000)-(948*ln(948)+968*ln(968)+970*ln(970)+974*ln(974)+1012*ln(1012)+1014*ln(1014)+2042*ln(1021)+1026*ln(1026)+1046*ln(1046))/10000,2.302117732589560860217803098240,2.302117732589560860217803098240,0.999797027955272169235798062069
pi,10000,2,9999,100,124,1007647,498824,80:1;82:1;83:2;85:1;86:2;88:1;89:3;90:3;91:4;92:2;93:3;94:1;95:4;96:5;97:4;98:7;99:6;100:6;101:7;102:4;103:6;104:1;105:1;106:3;107:3;108:2;109:1;110:3;111:1;112:1;113:1;114:2;115:3;116:2;118:1;121:1;124:1,ln(9999)-(80*ln(80)+82*ln(82)+166*ln(83)+85*ln(85)+172*ln(86)+88*ln(88)+267*ln(89)+270*ln(90)+364*ln(91)+184*ln(92)+279*ln(93)+94*ln(94)+380*ln(95)+480*ln(96)+388*ln(97)+686*ln(98)+594*ln(99)+600*ln(100)+707*ln(101)+408*ln(102)+618*ln(103)+104*ln(104)+105*ln(105)+318*ln(106)+321*ln(107)+216*ln(108)+109*ln(109)+330*ln(110)+111*ln(111)+112*ln(112)+113*ln(113)+228*ln(114)+345*ln(115)+232*ln(116)+118*ln(118)+121*ln(121)+124*ln(124))/9999,4.601260440567060548224356348657,2.300630220283530274112178174328,0.999151009568999904463854202261
pi,10000,4,9997,6366,6,19809,4906,1:3749;2:1823;3:612;4:147;5:32;6:3,ln(9997)-(3749*ln(1)+3646*ln(2)+1836*ln(3)+588*ln(4)+160*ln(5)+18*ln(6))/9997,8.644953840712277567106569542020,2.161238460178069391776642385505,0.938613937332416403229375358287
pi,10000,8,9993,9993,1,9993,0,1:9993,ln(9993)-(9993*ln(1))/9993,9.209640126861789344105012546627,1.151205015857723668013126568328,0.499961985926354904815812856800
pi,10000,16,9985,9985,1,9985,0,1:9985,ln(9985)-(9985*ln(1))/9985,9.208839245849915590421084262633,0.575552452865619724401317766415,0.249959254325420085912194583048
pi,10000,32,9969,9969,1,9969,0,1:9969,ln(9969)-(9969*ln(1))/9969,9.207235557022703971125245914543,0.287726111156959499097663934829,0.124957862374949170964115469916
iid,1000,1,1000,10,117,100966,49983,80:1;91:1;94:1;97:1;101:1;102:1;103:1;104:1;111:1;117:1,ln(1000)-(80*ln(80)+91*ln(91)+94*ln(94)+97*ln(97)+101*ln(101)+102*ln(102)+103*ln(103)+104*ln(104)+111*ln(111)+117*ln(117))/1000,2.297687917495660018076223044321,2.297687917495660018076223044321,0.997873183704139298152735131099
iid,1000,2,999,100,18,11195,5098,3:2;4:2;5:8;6:10;7:7;8:4;9:9;10:11;11:13;12:8;13:11;14:2;15:8;16:3;17:1;18:1,ln(999)-(6*ln(3)+8*ln(4)+40*ln(5)+60*ln(6)+49*ln(7)+32*ln(8)+81*ln(9)+110*ln(10)+143*ln(11)+96*ln(12)+143*ln(13)+28*ln(14)+120*ln(15)+48*ln(16)+17*ln(17)+18*ln(18))/999,4.541299905845788401205630290994,2.270649952922894200602815145497,0.986130744888291489802263516660
iid,1000,4,997,943,3,1113,58,1:893;2:46;3:4,ln(997)-(893*ln(1)+92*ln(2)+12*ln(3))/997,6.827566328562106851039992985218,1.706891582140526712759998246304,0.741293595330741858955497310569
iid,1000,8,993,993,1,993,0,1:993,ln(993)-(993*ln(1))/993,6.900730664045172592179862076499,0.862591333005646574022482759562,0.374618656061922646987896063824
iid,1000,16,985,985,1,985,0,1:985,ln(985)-(985*ln(1))/985,6.892641641172088881380556662389,0.430790102573255555086284791399,0.187089764406100733259875338937
iid,1000,32,969,969,1,969,0,1:969,ln(969)-(969*ln(1))/969,6.876264611890766231653807286684,0.214883269121586444739181477709,0.093322618032836416480360352292
iid,3000,1,3000,10,345,903576,450288,280:2;281:1;290:1;300:2;301:1;308:1;315:1;345:1,ln(3000)-(560*ln(280)+281*ln(281)+290*ln(290)+600*ln(300)+301*ln(301)+308*ln(308)+315*ln(315)+345*ln(345))/3000,2.300637927561313492253085758164,2.300637927561313492253085758164,0.999154356797211651629613352979
iid,3000,2,2999,100,42,92795,44898,19:1;20:1;21:3;22:2;23:5;24:3;25:2;26:13;27:8;28:9;29:4;30:4;31:6;32:6;33:7;34:3;35:4;36:5;37:4;38:3;39:3;40:2;42:2,ln(2999)-(19*ln(19)+20*ln(20)+63*ln(21)+44*ln(22)+115*ln(23)+72*ln(24)+50*ln(25)+338*ln(26)+216*ln(27)+252*ln(28)+116*ln(29)+120*ln(30)+186*ln(31)+192*ln(32)+231*ln(33)+102*ln(34)+140*ln(35)+180*ln(36)+148*ln(37)+114*ln(38)+117*ln(39)+80*ln(40)+84*ln(42))/2999,4.589316185329741804651394440229,2.294658092664870902325697220114,0.996557347498994131491538551578
iid,3000,4,2997,2588,4,3913,458,1:2226;2:317;3:43;4:2,ln(2997)-(2226*ln(1)+634*ln(2)+129*ln(3)+8*ln(4))/2997,7.807747229945241587889954992258,1.951936807486310396972488748065,0.847715384515154577279590618926
iid,3000,8,2993,2993,1,2993,0,1:2993,ln(2993)-(2993*ln(1))/2993,8.004031507852698932958872230476,1.000503938481587366619859028809,0.434513339605023924447974843805
iid,3000,16,2985,2985,1,2985,0,1:2985,ln(2985)-(2985*ln(1))/2985,8.001355025826702461406125862017,0.500084689114168903837882866376,0.217184020966586743261331924559
iid,3000,32,2969,2969,1,2969,0,1:2969,ln(2969)-(2969*ln(1))/2969,7.995980474763759802488748395275,0.249874389836367493827773387352,0.108519068674876394960113157808
iid,10000,1,10000,10,1062,10007386,4998693,955:1;980:1;985:1;990:1;992:1;994:1;1008:1;1012:1;1022:1;1062:1,ln(10000)-(955*ln(955)+980*ln(980)+985*ln(985)+990*ln(990)+992*ln(992)+994*ln(994)+1008*ln(1008)+1012*ln(1012)+1022*ln(1022)+1062*ln(1062))/10000,2.302218084897632429903156894613,2.302218084897632429903156894613,0.999840610408913907108828776822
iid,10000,2,9999,100,126,1007727,498864,78:1;83:1;84:1;87:1;88:5;89:3;90:3;91:2;92:4;93:1;94:3;95:6;96:8;97:1;98:6;99:5;100:5;101:5;102:6;103:4;104:1;105:3;106:1;107:4;108:4;109:3;110:1;112:3;113:2;114:2;116:1;119:1;122:1;123:1;126:1,ln(9999)-(78*ln(78)+83*ln(83)+84*ln(84)+87*ln(87)+440*ln(88)+267*ln(89)+270*ln(90)+182*ln(91)+368*ln(92)+93*ln(93)+282*ln(94)+570*ln(95)+768*ln(96)+97*ln(97)+588*ln(98)+495*ln(99)+500*ln(100)+505*ln(101)+612*ln(102)+412*ln(103)+104*ln(104)+315*ln(105)+106*ln(106)+428*ln(107)+432*ln(108)+327*ln(109)+110*ln(110)+336*ln(112)+226*ln(113)+228*ln(114)+116*ln(116)+119*ln(119)+122*ln(122)+123*ln(123)+126*ln(126))/9999,4.601240752728866106340619918644,2.300620376364433053170309959322,0.999146734409255679368447399988
iid,10000,4,9997,6318,6,20073,5038,1:3697;2:1814;3:601;4:166;5:35;6:5,ln(9997)-(3697*ln(1)+3628*ln(2)+1803*ln(3)+664*ln(4)+175*ln(5)+30*ln(6))/9997,8.634723751786976655105506510135,2.158680937946744163776376627534,0.937503219540006964763090367559
iid,10000,8,9993,9993,1,9993,0,1:9993,ln(9993)-(9993*ln(1))/9993,9.209640126861789344105012546627,1.151205015857723668013126568328,0.499961985926354904815812856800
iid,10000,16,9985,9985,1,9985,0,1:9985,ln(9985)-(9985*ln(1))/9985,9.208839245849915590421084262633,0.575552452865619724401317766415,0.249959254325420085912194583048
iid,10000,32,9969,9969,1,9969,0,1:9969,ln(9969)-(9969*ln(1))/9969,9.207235557022703971125245914543,0.287726111156959499097663934829,0.124957862374949170964115469916
champernowne,1000,1,1000,10,177,120172,59586,66:1;67:3;77:3;148:1;177:2,ln(1000)-(66*ln(66)+201*ln(67)+231*ln(77)+148*ln(148)+354*ln(177))/1000,2.210731375214383273314955147308,2.210731375214383273314955147308,0.960108437225994002527484933897
champernowne,1000,2,999,100,26,14193,6597,3:4;4:25;5:20;6:3;11:3;12:4;14:11;15:20;16:1;22:2;23:1;25:5;26:1,ln(999)-(12*ln(3)+100*ln(4)+100*ln(5)+18*ln(6)+33*ln(11)+48*ln(12)+154*ln(14)+300*ln(15)+16*ln(16)+44*ln(22)+23*ln(23)+125*ln(25)+26*ln(26))/999,4.402452636390134137160428008548,2.201226318195067068580214004274,0.955980443412329204292695232795
champernowne,1000,4,997,910,3,1181,92,1:828;2:77;3:5,ln(997)-(828*ln(1)+154*ln(2)+15*ln(3))/997,6.781156135923470002235525455387,1.695289033980867500558881363847,0.736254672688985133425121960724
champernowne,1000,8,993,993,1,993,0,1:993,ln(993)-(993*ln(1))/993,6.900730664045172592179862076499,0.862591333005646574022482759562,0.374618656061922646987896063824
champernowne,1000,16,985,985,1,985,0,1:985,ln(985)-(985*ln(1))/985,6.892641641172088881380556662389,0.430790102573255555086284791399,0.187089764406100733259875338937
champernowne,1000,32,969,969,1,969,0,1:969,ln(969)-(969*ln(1))/969,6.876264611890766231653807286684,0.214883269121586444739181477709,0.093322618032836416480360352292
champernowne,3000,1,3000,10,341,906750,451875,230:1;302:3;303:4;311:1;341:1,ln(3000)-(230*ln(230)+906*ln(302)+1212*ln(303)+311*ln(311)+341*ln(341))/3000,2.298635301145998986783985761802,2.298635301145998986783985761802,0.998284627195726872055403652705
champernowne,3000,2,2999,100,49,92053,44527,20:8;21:8;29:1;31:53;32:17;33:4;34:6;35:2;49:1,ln(2999)-(160*ln(20)+168*ln(21)+29*ln(29)+1643*ln(31)+544*ln(32)+132*ln(33)+204*ln(34)+70*ln(35)+49*ln(49))/2999,4.592783120224540975974627469958,2.296391560112270487987313734979,0.997310182845958686986102750455
champernowne,3000,4,2997,2098,4,4857,930,1:1229;2:840;3:28;4:1,ln(2997)-(1229*ln(1)+1680*ln(2)+84*ln(3)+4*ln(4))/2997,7.584173916488064979594225627423,1.896043479122016244898556406856,0.823441220431335118574753722272
champernowne,3000,8,2993,2993,1,2993,0,1:2993,ln(2993)-(2993*ln(1))/2993,8.004031507852698932958872230476,1.000503938481587366619859028809,0.434513339605023924447974843805
champernowne,3000,16,2985,2985,1,2985,0,1:2985,ln(2985)-(2985*ln(1))/2985,8.001355025826702461406125862017,0.500084689114168903837882866376,0.217184020966586743261331924559
champernowne,3000,32,2969,2969,1,2969,0,1:2969,ln(2969)-(2969*ln(1))/2969,7.995980474763759802488748395275,0.249874389836367493827773387352,0.108519068674876394960113157808
champernowne,10000,1,10000,10,1858,11441232,5715616,747:3;833:1;858:4;1636:1;1858:1,ln(10000)-(2241*ln(747)+833*ln(833)+3432*ln(858)+1636*ln(1636)+1858*ln(1858))/10000,2.240099027823686220965565074941,2.240099027823686220965565074941,0.972862646700665907842353074308
champernowne,10000,2,9999,100,269,1301787,645894,47:3;58:26;59:2;66:1;69:30;70:4;135:1;136:2;146:1;147:5;158:5;169:15;170:1;247:1;248:1;269:2,ln(9999)-(141*ln(47)+1508*ln(58)+118*ln(59)+66*ln(66)+2070*ln(69)+280*ln(70)+135*ln(135)+272*ln(136)+146*ln(146)+735*ln(147)+790*ln(158)+2535*ln(169)+170*ln(170)+247*ln(247)+248*ln(248)+538*ln(269))/9999,4.471083811261005655813722809215,2.235541905630502827906861404608,0.970883513678807515466281940494
champernowne,10000,4,9997,6361,7,20287,5145,1:3815;2:1778;3:527;4:174;5:55;6:10;7:2,ln(9997)-(3815*ln(1)+3556*ln(2)+1581*ln(3)+696*ln(4)+275*ln(5)+60*ln(6)+14*ln(7))/9997,8.635473755600298035540552734711,2.158868438900074508885138183678,0.937584650169389932792432819384
champernowne,10000,8,9993,9989,2,10001,4,1:9985;2:4,ln(9993)-(9985*ln(1)+8*ln(2))/9993,9.209085220683016246689287753575,1.151135652585377030836160969197,0.499931861839928007868428313731
champernowne,10000,16,9985,9985,1,9985,0,1:9985,ln(9985)-(9985*ln(1))/9985,9.208839245849915590421084262633,0.575552452865619724401317766415,0.249959254325420085912194583048
champernowne,10000,32,9969,9969,1,9969,0,1:9969,ln(9969)-(9969*ln(1))/9969,9.207235557022703971125245914543,0.287726111156959499097663934829,0.124957862374949170964115469916
t4_balanced,1000,1,1000,10,412,214564,106782,49:1;50:1;51:1;52:1;53:1;59:1;64:1;72:1;138:1;412:1,ln(1000)-(49*ln(49)+50*ln(50)+51*ln(51)+52*ln(52)+53*ln(53)+59*ln(59)+64*ln(64)+72*ln(72)+138*ln(138)+412*ln(412))/1000,1.929755866471560202447479384073,1.929755866471560202447479384073,0.838082324229027052693107636374
t4_balanced,1000,2,999,100,360,135879,67440,2:1;3:5;4:36;5:22;6:8;7:3;8:4;9:7;10:1;11:4;12:2;13:2;17:1;23:1;27:1;33:1;360:1,ln(999)-(2*ln(2)+15*ln(3)+144*ln(4)+110*ln(5)+48*ln(6)+21*ln(7)+32*ln(8)+63*ln(9)+10*ln(10)+44*ln(11)+24*ln(12)+26*ln(13)+17*ln(17)+23*ln(23)+27*ln(27)+33*ln(33)+360*ln(360))/999,3.478450115696526255497529802049,1.739225057848263127748764901024,0.755335845411364624015170641667
t4_balanced,1000,4,997,282,348,122907,60955,1:44;2:154;3:55;4:15;5:8;6:4;8:1;348:1,ln(997)-(44*ln(1)+308*ln(2)+165*ln(3)+60*ln(4)+40*ln(5)+24*ln(6)+8*ln(8)+348*ln(348))/997,4.258291632586023101193530115458,1.064572908146505775298382528865,0.462338139591724822597922392506
t4_balanced,1000,8,993,306,332,111897,55452,1:62;2:162;3:54;4:22;5:5;332:1,ln(993)-(62*ln(1)+324*ln(2)+162*ln(3)+88*ln(4)+25*ln(5)+332*ln(332))/993,4.391073525540305391649586468018,0.548884190692538173956198308502,0.238377375221701545242840731713
t4_balanced,1000,16,985,335,306,95251,47133,1:91;2:162;3:60;4:21;306:1,ln(985)-(91*ln(1)+324*ln(2)+180*ln(3)+84*ln(4)+306*ln(306))/985,4.567569899047031670155842902353,0.285473118690439479384740181397,0.123979400178969929563713046740
t4_balanced,1000,32,969,383,262,70175,34603,1:139;2:166;3:72;4:5;262:1,ln(969)-(139*ln(1)+332*ln(2)+216*ln(3)+20*ln(4)+262*ln(262))/969,4.859693646456278384307009322694,0.151865426451758699509594041334,0.065954316699882939940323242343
t4_balanced,3000,1,3000,10,1224,1925908,961454,135:1;136:1;148:2;149:1;155:1;169:1;340:1;396:1;1224:1,ln(3000)-(135*ln(135)+136*ln(136)+296*ln(148)+149*ln(149)+155*ln(155)+169*ln(169)+340*ln(340)+396*ln(396)+1224*ln(1224))/3000,1.920782978130736727945123838582,1.920782978130736727945123838582,0.834185448335873392928332092354
t4_balanced,3000,2,2999,100,1092,1245749,621375,7:2;8:6;9:13;10:22;11:7;12:4;13:2;15:1;16:3;17:2;18:1;21:2;28:4;29:3;30:2;31:5;32:2;33:5;34:3;35:3;40:2;41:1;50:1;55:1;59:1;65:1;1092:1,ln(2999)-(14*ln(7)+48*ln(8)+117*ln(9)+220*ln(10)+77*ln(11)+48*ln(12)+26*ln(13)+15*ln(15)+48*ln(16)+34*ln(17)+18*ln(18)+42*ln(21)+112*ln(28)+87*ln(29)+60*ln(30)+155*ln(31)+64*ln(32)+165*ln(33)+102*ln(34)+105*ln(35)+80*ln(40)+41*ln(41)+50*ln(50)+55*ln(55)+59*ln(59)+65*ln(65)+1092*ln(1092))/2999,3.451141398400326748836169848070,1.725570699200163374418084924035,0.749405832796566955601894859624
t4_balanced,3000,4,2997,787,1074,1159221,578112,1:98;2:423;3:153;4:74;5:20;6:12;7:1;8:3;10:1;11:1;1074:1,ln(2997)-(98*ln(1)+846*ln(2)+459*ln(3)+296*ln(4)+100*ln(5)+72*ln(6)+7*ln(7)+24*ln(8)+10*ln(10)+11*ln(11)+1074*ln(1074))/2997,4.869066816542548620086823107167,1.217266704135637155021705776792,0.528652212610665467093848523246
t4_balanced,3000,8,2993,854,1054,1116039,556523,1:123;2:487;3:162;4:54;5:22;6:5;1054:1,ln(2993)-(123*ln(1)+974*ln(2)+486*ln(3)+216*ln(4)+110*ln(5)+30*ln(6)+1054*ln(1054))/2993,4.971793629778073021095428616495,0.621474203722259127636928577062,0.269902817321794506334753236819
t4_balanced,3000,16,2985,892,1020,1045449,521232,1:162;2:486;3:162;4:60;5:21;1020:1,ln(2985)-(162*ln(1)+972*ln(2)+486*ln(3)+240*ln(4)+105*ln(5)+1020*ln(1020))/2985,5.061497295952261744821002426491,0.316343580997016359051312651656,0.137386271612518599903957442182
t4_balanced,3000,32,2969,956,960,926541,461786,1:226;2:486;3:166;4:72;5:5;960:1,ln(2969)-(226*ln(1)+972*ln(2)+498*ln(3)+288*ln(4)+25*ln(5)+960*ln(960))/2969,5.216393861035981722240466872110,0.163012308157374428820014589753,0.070795345915060159159837163005
t4_balanced,10000,1,10000,10,3822,19000532,9495266,544:1;545:1;622:1;663:1;669:1;675:1;688:1;770:1;1002:1;3822:1,ln(10000)-(544*ln(544)+545*ln(545)+622*ln(622)+663*ln(663)+669*ln(669)+675*ln(675)+688*ln(688)+770*ln(770)+1002*ln(1002)+3822*ln(3822))/10000,2.012197739251356119996362322696,2.012197739251356119996362322696,0.873886374655062320254251063043
t4_balanced,10000,2,9999,100,3303,11408167,5699084,32:1;33:1;43:2;44:1;45:6;46:2;51:1;52:4;53:1;55:8;56:7;57:4;58:2;59:2;62:1;63:1;64:4;65:1;66:3;67:6;68:2;69:6;70:2;74:1;75:2;76:3;77:2;78:2;79:2;80:2;81:2;82:1;83:1;88:2;90:1;91:1;92:1;95:2;96:1;97:1;107:1;108:1;165:1;178:1;3303:1,ln(9999)-(32*ln(32)+33*ln(33)+86*ln(43)+44*ln(44)+270*ln(45)+92*ln(46)+51*ln(51)+208*ln(52)+53*ln(53)+440*ln(55)+392*ln(56)+228*ln(57)+116*ln(58)+118*ln(59)+62*ln(62)+63*ln(63)+256*ln(64)+65*ln(65)+198*ln(66)+402*ln(67)+136*ln(68)+414*ln(69)+140*ln(70)+74*ln(74)+150*ln(75)+228*ln(76)+154*ln(77)+156*ln(78)+158*ln(79)+160*ln(80)+162*ln(81)+82*ln(82)+83*ln(83)+176*ln(88)+90*ln(90)+91*ln(91)+92*ln(92)+190*ln(95)+96*ln(96)+97*ln(97)+107*ln(107)+108*ln(108)+165*ln(165)+178*ln(178)+3303*ln(3303))/9999,3.682469973312069246114298143022,1.841234986656034623057149071511,0.799638194591923348970900429536
t4_balanced,10000,4,9997,2364,3258,10639965,5314984,1:498;2:663;3:470;4:394;5:225;6:57;7:26;8:17;9:6;10:1;11:1;12:2;13:1;15:1;17:1;3258:1,ln(9997)-(498*ln(1)+1326*ln(2)+1410*ln(3)+1576*ln(4)+1125*ln(5)+342*ln(6)+182*ln(7)+136*ln(8)+54*ln(9)+10*ln(10)+11*ln(11)+24*ln(12)+13*ln(13)+15*ln(15)+17*ln(17)+3258*ln(3258))/9997,5.767340485951436363362554128096,1.441835121487859090840638532024,0.626181037076481920313263191005
t4_balanced,10000,8,9993,3484,3234,10475261,5232634,1:1294;2:1460;3:486;4:160;5:56;6:22;7:5;3234:1,ln(9993)-(1294*ln(1)+2920*ln(2)+1458*ln(3)+640*ln(4)+280*ln(5)+132*ln(6)+35*ln(7)+3234*ln(3234))/9993,6.067065637152023685161143009059,0.758383204644002960645142876132,0.329361640944995071210461545521
t4_balanced,10000,16,9985,3532,3192,10205265,5097640,1:1343;2:1459;3:486;4:162;5:60;6:21;3192:1,ln(9985)-(1343*ln(1)+2918*ln(2)+1458*ln(3)+648*ln(4)+300*ln(5)+126*ln(6)+3192*ln(3192))/9985,6.105620993835377889611948281323,0.381601312114711118100746767583,0.165727344138459560102175223956
t4_balanced,10000,32,9969,3612,3116,9725725,4857878,1:1423;2:1459;3:486;4:166;5:72;6:5;3116:1,ln(9969)-(1423*ln(1)+2918*ln(2)+1458*ln(3)+664*ln(4)+360*ln(5)+30*ln(6)+3116*ln(3116))/9969,6.173422162873683983438854345385,0.192919442589802624482464198293,0.083783849368602465800725942824
t2_sparse_island,1000,1,1000,6,995,990030,494515,1:5;995:1,ln(1000)-(5*ln(1)+995*ln(995))/1000,0.039526255509337245893148142084,0.039526255509337245893148142084,0.017166034658003172388148524753
t2_sparse_island,1000,2,999,11,989,978131,488566,1:10;989:1,ln(999)-(10*ln(1)+989*ln(989))/999,0.079096426321364048060818572631,0.039548213160682024030409286315,0.017175570744817765050038597270
t2_sparse_island,1000,4,997,19,979,958459,478731,1:18;979:1,ln(997)-(18*ln(1)+979*ln(979))/997,0.142549688680625025978151581881,0.035637422170156256494537895470,0.015477135797755471811166714373
t2_sparse_island,1000,8,993,35,959,919715,459361,1:34;959:1,ln(993)-(34*ln(1)+959*ln(959))/993,0.269925486992587241340687238942,0.033740685874073405167585904868,0.014653393690741077035118870044
t2_sparse_island,1000,16,985,67,919,844627,421821,1:66;919:1,ln(985)-(66*ln(1)+919*ln(919))/985,0.526550324984397106195545521986,0.032909395311524819137221595124,0.014292368786567976107846806469
t2_sparse_island,1000,32,969,101,869,755261,377146,1:100;869:1,ln(969)-(100*ln(1)+869*ln(869))/969,0.807305710078975022958122410730,0.025228303439967969467441325335,0.010956512971758915147174607972
t2_sparse_island,3000,1,3000,7,2994,8964042,4480521,1:6;2994:1,ln(3000)-(6*ln(1)+2994*ln(2994))/3000,0.018010733800632224683846241603,0.018010733800632224683846241603,0.007821962304642957713705412910
t2_sparse_island,3000,2,2999,13,2987,8922181,4459591,1:12;2987:1,ln(2999)-(12*ln(1)+2987*ln(2987))/2999,0.036028132729829372905742026242,0.018014066364914686452871013121,0.007823409618921418729865266398
t2_sparse_island,3000,4,2997,23,2975,8850647,4423825,1:22;2975:1,ln(2997)-(22*ln(1)+2975*ln(2975))/2997,0.066078455041155318622647545444,0.016519613760288829655661886361,0.007174377099266467006474711331
t2_sparse_island,3000,8,2993,43,2951,8708443,4352725,1:42;2951:1,ln(2993)-(42*ln(1)+2951*ln(2951))/2993,0.126252337970769697389767494995,0.015781542246346212173720936874,0.006853836713511209239467734881
t2_sparse_island,3000,16,2985,83,2903,8427491,4212253,1:82;2903:1,ln(2985)-(82*ln(1)+2903*ln(2903))/2985,0.246892581751827896292901310807,0.015430786359489243518306331925,0.006701505367354146420168231658
t2_sparse_island,3000,32,2969,148,2822,7963831,3980431,1:147;2822:1,ln(2969)-(147*ln(1)+2822*ln(2822))/2969,0.444159122231322354968573807023,0.013879972569728823592767931469,0.006027995496001726344316800490
t2_sparse_island,10000,1,10000,9,9992,99840072,49915036,1:8;9992:1,ln(10000)-(8*ln(1)+9992*ln(9992))/10000,0.008167952212213463129447776438,0.008167952212213463129447776438,0.003547296574213765594865050064
t2_sparse_island,10000,2,9999,17,9983,99660305,49825153,1:16;9983:1,ln(9999)-(16*ln(1)+9983*ln(9983))/9999,0.016336737449543469324417076193,0.008168368724771734662208538096,0.003547477463319466328171957955
t2_sparse_island,10000,4,9997,31,9967,99341119,49665561,1:30;9967:1,ln(9997)-(30*ln(1)+9967*ln(9967))/9997,0.030634805562695746206445562348,0.007658701390673936551611390587,0.003326131752514451543469474497
t2_sparse_island,10000,8,9993,59,9935,98704283,49347145,1:58;9935:1,ln(9993)-(58*ln(1)+9935*ln(9935))/9993,0.059240516656136626243662864019,0.007405064582017078280457858002,0.003215978686107227062529386881
t2_sparse_island,10000,16,9985,115,9871,97436755,48713385,1:114;9871:1,ln(9985)-(114*ln(1)+9871*ln(9871))/9985,0.116490175960183774743191754607,0.007280635997511485921449484663,0.003161940038465415841009560468
t2_sparse_island,10000,32,9969,212,9758,95218775,47604403,1:211;9758:1,ln(9969)-(211*ln(1)+9758*ln(9758))/9969,0.215816812857102042976161863282,0.006744275401784438843005058228,0.002929001591430818424043468440
