stream,N,L,forbidden_word,word_count_N,frequency_denominator,contained_sample_size,contaminated_starts,t15_integer_bound,bound_holds,forbidden_starts,contamination_fraction
pi,1000,1,0,93,1000,1000,93,186,true,907,93/1000
pi,1000,1,1,116,1000,1000,116,232,true,884,116/1000
pi,1000,1,00,7,1000,1000,0,14,true,1000,0/1000
pi,1000,1,01,10,1000,1000,0,20,true,1000,0/1000
pi,1000,1,11,16,1000,1000,0,32,true,1000,0/1000
pi,1000,1,000,2,1000,1000,0,4,true,1000,0/1000
pi,1000,1,001,2,1000,1000,0,4,true,1000,0/1000
pi,1000,1,012,1,1000,1000,0,2,true,1000,0/1000
pi,1000,1,123,0,1000,1000,0,0,true,1000,0/1000
pi,1000,1,0000,0,1000,1000,0,0,true,1000,0/1000
pi,1000,1,0123,0,1000,1000,0,0,true,1000,0/1000
pi,1000,2,0,93,1000,999,179,279,true,820,179/999
pi,1000,2,1,116,1000,999,215,348,true,784,215/999
pi,1000,2,00,7,1000,999,7,21,true,992,7/999
pi,1000,2,01,10,1000,999,10,30,true,989,10/999
pi,1000,2,11,16,1000,999,16,48,true,983,16/999
pi,1000,2,000,2,1000,999,0,6,true,999,0/999
pi,1000,2,001,2,1000,999,0,6,true,999,0/999
pi,1000,2,012,1,1000,999,0,3,true,999,0/999
pi,1000,2,123,0,1000,999,0,0,true,999,0/999
pi,1000,2,0000,0,1000,999,0,0,true,999,0/999
pi,1000,2,0123,0,1000,999,0,0,true,999,0/999
pi,1000,4,0,93,1000,997,335,465,true,662,335/997
pi,1000,4,1,116,1000,997,383,580,true,614,383/997
pi,1000,4,00,7,1000,997,17,35,true,980,17/997
pi,1000,4,01,10,1000,997,30,50,true,967,30/997
pi,1000,4,11,16,1000,997,44,80,true,953,44/997
pi,1000,4,000,2,1000,997,4,10,true,993,4/997
pi,1000,4,001,2,1000,997,4,10,true,993,4/997
pi,1000,4,012,1,1000,997,2,5,true,995,2/997
pi,1000,4,123,0,1000,997,0,0,true,997,0/997
pi,1000,4,0000,0,1000,997,0,0,true,997,0/997
pi,1000,4,0123,0,1000,997,0,0,true,997,0/997
pi,1000,8,0,93,1000,993,559,837,true,434,559/993
pi,1000,8,1,116,1000,993,603,1044,true,390,603/993
pi,1000,8,00,7,1000,993,37,63,true,956,37/993
pi,1000,8,01,10,1000,993,67,90,true,926,67/993
pi,1000,8,11,16,1000,993,100,144,true,893,100/993
pi,1000,8,000,2,1000,993,12,18,true,981,12/993
pi,1000,8,001,2,1000,993,12,18,true,981,12/993
pi,1000,8,012,1,1000,993,6,9,true,987,6/993
pi,1000,8,123,0,1000,993,0,0,true,993,0/993
pi,1000,8,0000,0,1000,993,0,0,true,993,0/993
pi,1000,8,0123,0,1000,993,0,0,true,993,0/993
pi,1000,16,0,93,1000,985,817,1581,true,168,817/985
pi,1000,16,1,116,1000,985,829,1972,true,156,829/985
pi,1000,16,00,7,1000,985,77,119,true,908,77/985
pi,1000,16,01,10,1000,985,134,170,true,851,134/985
pi,1000,16,11,16,1000,985,200,272,true,785,200/985
pi,1000,16,000,2,1000,985,28,34,true,957,28/985
pi,1000,16,001,2,1000,985,28,34,true,957,28/985
pi,1000,16,012,1,1000,985,14,17,true,971,14/985
pi,1000,16,123,0,1000,985,0,0,true,985,0/985
pi,1000,16,0000,0,1000,985,0,0,true,985,0/985
pi,1000,16,0123,0,1000,985,0,0,true,985,0/985
pi,1000,32,0,93,1000,969,934,3069,true,35,934/969
pi,1000,32,1,116,1000,969,953,3828,true,16,953/969
pi,1000,32,00,7,1000,969,153,231,true,816,153/969
pi,1000,32,01,10,1000,969,253,330,true,716,253/969
pi,1000,32,11,16,1000,969,366,528,true,603,366/969
pi,1000,32,000,2,1000,969,60,66,true,909,60/969
pi,1000,32,001,2,1000,969,56,66,true,913,56/969
pi,1000,32,012,1,1000,969,30,33,true,939,30/969
pi,1000,32,123,0,1000,969,0,0,true,969,0/969
pi,1000,32,0000,0,1000,969,0,0,true,969,0/969
pi,1000,32,0123,0,1000,969,0,0,true,969,0/969
pi,3000,1,0,259,3000,3000,259,518,true,2741,259/3000
pi,3000,1,1,309,3000,3000,309,618,true,2691,309/3000
pi,3000,1,00,21,3000,3000,0,42,true,3000,0/3000
pi,3000,1,01,31,3000,3000,0,62,true,3000,0/3000
pi,3000,1,11,30,3000,3000,0,60,true,3000,0/3000
pi,3000,1,000,3,3000,3000,0,6,true,3000,0/3000
pi,3000,1,001,4,3000,3000,0,8,true,3000,0/3000
pi,3000,1,012,3,3000,3000,0,6,true,3000,0/3000
pi,3000,1,123,3,3000,3000,0,6,true,3000,0/3000
pi,3000,1,0000,0,3000,3000,0,0,true,3000,0/3000
pi,3000,1,0123,0,3000,3000,0,0,true,3000,0/3000
pi,3000,2,0,259,3000,2999,497,777,true,2502,497/2999
pi,3000,2,1,309,3000,2999,586,927,true,2413,586/2999
pi,3000,2,00,21,3000,2999,21,63,true,2978,21/2999
pi,3000,2,01,31,3000,2999,31,93,true,2968,31/2999
pi,3000,2,11,30,3000,2999,30,90,true,2969,30/2999
pi,3000,2,000,3,3000,2999,0,9,true,2999,0/2999
pi,3000,2,001,4,3000,2999,0,12,true,2999,0/2999
pi,3000,2,012,3,3000,2999,0,9,true,2999,0/2999
pi,3000,2,123,3,3000,2999,0,9,true,2999,0/2999
pi,3000,2,0000,0,3000,2999,0,0,true,2999,0/2999
pi,3000,2,0123,0,3000,2999,0,0,true,2999,0/2999
pi,3000,4,0,259,3000,2997,915,1295,true,2082,915/2997
pi,3000,4,1,309,3000,2997,1046,1545,true,1951,1046/2997
pi,3000,4,00,21,3000,2997,57,105,true,2940,57/2997
pi,3000,4,01,31,3000,2997,92,155,true,2905,92/2997
pi,3000,4,11,30,3000,2997,86,150,true,2911,86/2997
pi,3000,4,000,3,3000,2997,6,15,true,2991,6/2997
pi,3000,4,001,4,3000,2997,8,20,true,2989,8/2997
pi,3000,4,012,3,3000,2997,6,15,true,2991,6/2997
pi,3000,4,123,3,3000,2997,6,15,true,2991,6/2997
pi,3000,4,0000,0,3000,2997,0,0,true,2997,0/2997
pi,3000,4,0123,0,3000,2997,0,0,true,2997,0/2997
pi,3000,8,0,259,3000,2993,1536,2331,true,1457,1536/2993
pi,3000,8,1,309,3000,2993,1699,2781,true,1294,1699/2993
pi,3000,8,00,21,3000,2993,129,189,true,2864,129/2993
pi,3000,8,01,31,3000,2993,211,279,true,2782,211/2993
pi,3000,8,11,30,3000,2993,198,270,true,2795,198/2993
pi,3000,8,000,3,3000,2993,18,27,true,2975,18/2993
pi,3000,8,001,4,3000,2993,24,36,true,2969,24/2993
pi,3000,8,012,3,3000,2993,18,27,true,2975,18/2993
pi,3000,8,123,3,3000,2993,18,27,true,2975,18/2993
pi,3000,8,0000,0,3000,2993,0,0,true,2993,0/2993
pi,3000,8,0123,0,3000,2993,0,0,true,2993,0/2993
pi,3000,16,0,259,3000,2985,2253,4403,true,732,2253/2985
pi,3000,16,1,309,3000,2985,2436,5253,true,549,2436/2985
pi,3000,16,00,21,3000,2985,266,357,true,2719,266/2985
pi,3000,16,01,31,3000,2985,429,527,true,2556,429/2985
pi,3000,16,11,30,3000,2985,410,510,true,2575,410/2985
pi,3000,16,000,3,3000,2985,42,51,true,2943,42/2985
pi,3000,16,001,4,3000,2985,56,68,true,2929,56/2985
pi,3000,16,012,3,3000,2985,42,51,true,2943,42/2985
pi,3000,16,123,3,3000,2985,42,51,true,2943,42/2985
pi,3000,16,0000,0,3000,2985,0,0,true,2985,0/2985
pi,3000,16,0123,0,3000,2985,0,0,true,2985,0/2985
pi,3000,32,0,259,3000,2969,2759,8547,true,210,2759/2969
pi,3000,32,1,309,3000,2969,2908,10197,true,61,2908/2969
pi,3000,32,00,21,3000,2969,510,693,true,2459,510/2969
pi,3000,32,01,31,3000,2969,790,1023,true,2179,790/2969
pi,3000,32,11,30,3000,2969,800,990,true,2169,800/2969
pi,3000,32,000,3,3000,2969,90,99,true,2879,90/2969
pi,3000,32,001,4,3000,2969,120,132,true,2849,120/2969
pi,3000,32,012,3,3000,2969,90,99,true,2879,90/2969
pi,3000,32,123,3,3000,2969,83,99,true,2886,83/2969
pi,3000,32,0000,0,3000,2969,0,0,true,2969,0/2969
pi,3000,32,0123,0,3000,2969,0,0,true,2969,0/2969
pi,10000,1,0,968,10000,10000,968,1936,true,9032,968/10000
pi,10000,1,1,1026,10000,10000,1026,2052,true,8974,1026/10000
pi,10000,1,00,85,10000,10000,0,170,true,10000,0/10000
pi,10000,1,01,103,10000,10000,0,206,true,10000,0/10000
pi,10000,1,11,99,10000,10000,0,198,true,10000,0/10000
pi,10000,1,000,7,10000,10000,0,14,true,10000,0/10000
pi,10000,1,001,8,10000,10000,0,16,true,10000,0/10000
pi,10000,1,012,12,10000,10000,0,24,true,10000,0/10000
pi,10000,1,123,11,10000,10000,0,22,true,10000,0/10000
pi,10000,1,0000,0,10000,10000,0,0,true,10000,0/10000
pi,10000,1,0123,0,10000,10000,0,0,true,10000,0/10000
pi,10000,2,0,968,10000,9999,1851,2904,true,8148,1851/9999
pi,10000,2,1,1026,10000,9999,1952,3078,true,8047,1952/9999
pi,10000,2,00,85,10000,9999,85,255,true,9914,85/9999
pi,10000,2,01,103,10000,9999,103,309,true,9896,103/9999
pi,10000,2,11,99,10000,9999,99,297,true,9900,99/9999
pi,10000,2,000,7,10000,9999,0,21,true,9999,0/9999
pi,10000,2,001,8,10000,9999,0,24,true,9999,0/9999
pi,10000,2,012,12,10000,9999,0,36,true,9999,0/9999
pi,10000,2,123,11,10000,9999,0,33,true,9999,0/9999
pi,10000,2,0000,0,10000,9999,0,0,true,9999,0/9999
pi,10000,2,0123,0,10000,9999,0,0,true,9999,0/9999
pi,10000,4,0,968,10000,9997,3374,4840,true,6623,3374/9997
pi,10000,4,1,1026,10000,9997,3507,5130,true,6490,3507/9997
pi,10000,4,00,85,10000,9997,241,425,true,9756,241/9997
pi,10000,4,01,103,10000,9997,307,515,true,9690,307/9997
pi,10000,4,11,99,10000,9997,279,495,true,9718,279/9997
pi,10000,4,000,7,10000,9997,14,35,true,9983,14/9997
pi,10000,4,001,8,10000,9997,16,40,true,9981,16/9997
pi,10000,4,012,12,10000,9997,24,60,true,9973,24/9997
pi,10000,4,123,11,10000,9997,22,55,true,9975,22/9997
pi,10000,4,0000,0,10000,9997,0,0,true,9997,0/9997
pi,10000,4,0123,0,10000,9997,0,0,true,9997,0/9997
pi,10000,8,0,968,10000,9993,5565,8712,true,4428,5565/9993
pi,10000,8,1,1026,10000,9993,5709,9234,true,4284,5709/9993
pi,10000,8,00,85,10000,9993,543,765,true,9450,543/9993
pi,10000,8,01,103,10000,9993,704,927,true,9289,704/9993
pi,10000,8,11,99,10000,9993,633,891,true,9360,633/9993
pi,10000,8,000,7,10000,9993,42,63,true,9951,42/9993
pi,10000,8,001,8,10000,9993,48,72,true,9945,48/9993
pi,10000,8,012,12,10000,9993,72,108,true,9921,72/9993
pi,10000,8,123,11,10000,9993,66,99,true,9927,66/9993
pi,10000,8,0000,0,10000,9993,0,0,true,9993,0/9993
pi,10000,8,0123,0,10000,9993,0,0,true,9993,0/9993
pi,10000,16,0,968,10000,9985,7926,16456,true,2059,7926/9985
pi,10000,16,1,1026,10000,9985,8127,17442,true,1858,8127/9985
pi,10000,16,00,85,10000,9985,1114,1445,true,8871,1114/9985
pi,10000,16,01,103,10000,9985,1443,1751,true,8542,1443/9985
pi,10000,16,11,99,10000,9985,1301,1683,true,8684,1301/9985
pi,10000,16,000,7,10000,9985,98,119,true,9887,98/9985
pi,10000,16,001,8,10000,9985,106,136,true,9879,106/9985
pi,10000,16,012,12,10000,9985,168,204,true,9817,168/9985
pi,10000,16,123,11,10000,9985,154,187,true,9831,154/9985
pi,10000,16,0000,0,10000,9985,0,0,true,9985,0/9985
pi,10000,16,0123,0,10000,9985,0,0,true,9985,0/9985
pi,10000,32,0,968,10000,9969,9431,31944,true,538,9431/9969
pi,10000,32,1,1026,10000,9969,9653,33858,true,316,9653/9969
pi,10000,32,00,85,10000,9969,2149,2805,true,7820,2149/9969
pi,10000,32,01,103,10000,9969,2694,3399,true,7275,2694/9969
pi,10000,32,11,99,10000,9969,2491,3267,true,7478,2491/9969
pi,10000,32,000,7,10000,9969,210,231,true,9759,210/9969
pi,10000,32,001,8,10000,9969,203,264,true,9766,203/9969
pi,10000,32,012,12,10000,9969,360,396,true,9609,360/9969
pi,10000,32,123,11,10000,9969,330,363,true,9639,330/9969
pi,10000,32,0000,0,10000,9969,0,0,true,9969,0/9969
pi,10000,32,0123,0,10000,9969,0,0,true,9969,0/9969
iid,1000,1,0,94,1000,1000,94,188,true,906,94/1000
iid,1000,1,1,103,1000,1000,103,206,true,897,103/1000
iid,1000,1,00,11,1000,1000,0,22,true,1000,0/1000
iid,1000,1,01,9,1000,1000,0,18,true,1000,0/1000
iid,1000,1,11,11,1000,1000,0,22,true,1000,0/1000
iid,1000,1,000,0,1000,1000,0,0,true,1000,0/1000
iid,1000,1,001,2,1000,1000,0,4,true,1000,0/1000
iid,1000,1,012,1,1000,1000,0,2,true,1000,0/1000
iid,1000,1,123,2,1000,1000,0,4,true,1000,0/1000
iid,1000,1,0000,0,1000,1000,0,0,true,1000,0/1000
iid,1000,1,0123,0,1000,1000,0,0,true,1000,0/1000
iid,1000,2,0,94,1000,999,177,282,true,822,177/999
iid,1000,2,1,103,1000,999,195,309,true,804,195/999
iid,1000,2,00,11,1000,999,11,33,true,988,11/999
iid,1000,2,01,9,1000,999,9,27,true,990,9/999
iid,1000,2,11,11,1000,999,11,33,true,988,11/999
iid,1000,2,000,0,1000,999,0,0,true,999,0/999
iid,1000,2,001,2,1000,999,0,6,true,999,0/999
iid,1000,2,012,1,1000,999,0,3,true,999,0/999
iid,1000,2,123,2,1000,999,0,6,true,999,0/999
iid,1000,2,0000,0,1000,999,0,0,true,999,0/999
iid,1000,2,0123,0,1000,999,0,0,true,999,0/999
iid,1000,4,0,94,1000,997,319,470,true,678,319/997
iid,1000,4,1,103,1000,997,352,515,true,645,352/997
iid,1000,4,00,11,1000,997,33,55,true,964,33/997
iid,1000,4,01,9,1000,997,27,45,true,970,27/997
iid,1000,4,11,11,1000,997,29,55,true,968,29/997
iid,1000,4,000,0,1000,997,0,0,true,997,0/997
iid,1000,4,001,2,1000,997,4,10,true,993,4/997
iid,1000,4,012,1,1000,997,2,5,true,995,2/997
iid,1000,4,123,2,1000,997,4,10,true,993,4/997
iid,1000,4,0000,0,1000,997,0,0,true,997,0/997
iid,1000,4,0123,0,1000,997,0,0,true,997,0/997
iid,1000,8,0,94,1000,993,516,846,true,477,516/993
iid,1000,8,1,103,1000,993,575,927,true,418,575/993
iid,1000,8,00,11,1000,993,77,99,true,916,77/993
iid,1000,8,01,9,1000,993,63,81,true,930,63/993
iid,1000,8,11,11,1000,993,58,99,true,935,58/993
iid,1000,8,000,0,1000,993,0,0,true,993,0/993
iid,1000,8,001,2,1000,993,12,18,true,981,12/993
iid,1000,8,012,1,1000,993,6,9,true,987,6/993
iid,1000,8,123,2,1000,993,12,18,true,981,12/993
iid,1000,8,0000,0,1000,993,0,0,true,993,0/993
iid,1000,8,0123,0,1000,993,0,0,true,993,0/993
iid,1000,16,0,94,1000,985,765,1598,true,220,765/985
iid,1000,16,1,103,1000,985,798,1751,true,187,798/985
iid,1000,16,00,11,1000,985,161,187,true,824,161/985
iid,1000,16,01,9,1000,985,135,153,true,850,135/985
iid,1000,16,11,11,1000,985,114,187,true,871,114/985
iid,1000,16,000,0,1000,985,0,0,true,985,0/985
iid,1000,16,001,2,1000,985,28,34,true,957,28/985
iid,1000,16,012,1,1000,985,14,17,true,971,14/985
iid,1000,16,123,2,1000,985,28,34,true,957,28/985
iid,1000,16,0000,0,1000,985,0,0,true,985,0/985
iid,1000,16,0123,0,1000,985,0,0,true,985,0/985
iid,1000,32,0,94,1000,969,937,3102,true,32,937/969
iid,1000,32,1,103,1000,969,915,3399,true,54,915/969
iid,1000,32,00,11,1000,969,317,363,true,652,317/969
iid,1000,32,01,9,1000,969,264,297,true,705,264/969
iid,1000,32,11,11,1000,969,182,363,true,787,182/969
iid,1000,32,000,0,1000,969,0,0,true,969,0/969
iid,1000,32,001,2,1000,969,60,66,true,909,60/969
iid,1000,32,012,1,1000,969,30,33,true,939,30/969
iid,1000,32,123,2,1000,969,60,66,true,909,60/969
iid,1000,32,0000,0,1000,969,0,0,true,969,0/969
iid,1000,32,0123,0,1000,969,0,0,true,969,0/969
iid,3000,1,0,280,3000,3000,280,560,true,2720,280/3000
iid,3000,1,1,308,3000,3000,308,616,true,2692,308/3000
iid,3000,1,00,28,3000,3000,0,56,true,3000,0/3000
iid,3000,1,01,28,3000,3000,0,56,true,3000,0/3000
iid,3000,1,11,27,3000,3000,0,54,true,3000,0/3000
iid,3000,1,000,3,3000,3000,0,6,true,3000,0/3000
iid,3000,1,001,4,3000,3000,0,8,true,3000,0/3000
iid,3000,1,012,2,3000,3000,0,4,true,3000,0/3000
iid,3000,1,123,6,3000,3000,0,12,true,3000,0/3000
iid,3000,1,0000,0,3000,3000,0,0,true,3000,0/3000
iid,3000,1,0123,0,3000,3000,0,0,true,3000,0/3000
iid,3000,2,0,280,3000,2999,531,840,true,2468,531/2999
iid,3000,2,1,308,3000,2999,589,924,true,2410,589/2999
iid,3000,2,00,28,3000,2999,28,84,true,2971,28/2999
iid,3000,2,01,28,3000,2999,28,84,true,2971,28/2999
iid,3000,2,11,27,3000,2999,27,81,true,2972,27/2999
iid,3000,2,000,3,3000,2999,0,9,true,2999,0/2999
iid,3000,2,001,4,3000,2999,0,12,true,2999,0/2999
iid,3000,2,012,2,3000,2999,0,6,true,2999,0/2999
iid,3000,2,123,6,3000,2999,0,18,true,2999,0/2999
iid,3000,2,0000,0,3000,2999,0,0,true,2999,0/2999
iid,3000,2,0123,0,3000,2999,0,0,true,2999,0/2999
iid,3000,4,0,280,3000,2997,953,1400,true,2044,953/2997
iid,3000,4,1,308,3000,2997,1064,1540,true,1933,1064/2997
iid,3000,4,00,28,3000,2997,78,140,true,2919,78/2997
iid,3000,4,01,28,3000,2997,83,140,true,2914,83/2997
iid,3000,4,11,27,3000,2997,71,135,true,2926,71/2997
iid,3000,4,000,3,3000,2997,6,15,true,2991,6/2997
iid,3000,4,001,4,3000,2997,8,20,true,2989,8/2997
iid,3000,4,012,2,3000,2997,4,10,true,2993,4/2997
iid,3000,4,123,6,3000,2997,12,30,true,2985,12/2997
iid,3000,4,0000,0,3000,2997,0,0,true,2997,0/2997
iid,3000,4,0123,0,3000,2997,0,0,true,2997,0/2997
iid,3000,8,0,280,3000,2993,1577,2520,true,1416,1577/2993
iid,3000,8,1,308,3000,2993,1732,2772,true,1261,1732/2993
iid,3000,8,00,28,3000,2993,174,252,true,2819,174/2993
iid,3000,8,01,28,3000,2993,191,252,true,2802,191/2993
iid,3000,8,11,27,3000,2993,156,243,true,2837,156/2993
iid,3000,8,000,3,3000,2993,18,27,true,2975,18/2993
iid,3000,8,001,4,3000,2993,24,36,true,2969,24/2993
iid,3000,8,012,2,3000,2993,12,18,true,2981,12/2993
iid,3000,8,123,6,3000,2993,36,54,true,2957,36/2993
iid,3000,8,0000,0,3000,2993,0,0,true,2993,0/2993
iid,3000,8,0123,0,3000,2993,0,0,true,2993,0/2993
iid,3000,16,0,280,3000,2985,2339,4760,true,646,2339/2985
iid,3000,16,1,308,3000,2985,2384,5236,true,601,2384/2985
iid,3000,16,00,28,3000,2985,355,476,true,2630,355/2985
iid,3000,16,01,28,3000,2985,402,476,true,2583,402/2985
iid,3000,16,11,27,3000,2985,324,459,true,2661,324/2985
iid,3000,16,000,3,3000,2985,42,51,true,2943,42/2985
iid,3000,16,001,4,3000,2985,56,68,true,2929,56/2985
iid,3000,16,012,2,3000,2985,28,34,true,2957,28/2985
iid,3000,16,123,6,3000,2985,84,102,true,2901,84/2985
iid,3000,16,0000,0,3000,2985,0,0,true,2985,0/2985
iid,3000,16,0123,0,3000,2985,0,0,true,2985,0/2985
iid,3000,32,0,280,3000,2969,2834,9240,true,135,2834/2969
iid,3000,32,1,308,3000,2969,2808,10164,true,161,2808/2969
iid,3000,32,00,28,3000,2969,687,924,true,2282,687/2969
iid,3000,32,01,28,3000,2969,776,924,true,2193,776/2969
iid,3000,32,11,27,3000,2969,606,891,true,2363,606/2969
iid,3000,32,000,3,3000,2969,90,99,true,2879,90/2969
iid,3000,32,001,4,3000,2969,120,132,true,2849,120/2969
iid,3000,32,012,2,3000,2969,60,66,true,2909,60/2969
iid,3000,32,123,6,3000,2969,180,198,true,2789,180/2969
iid,3000,32,0000,0,3000,2969,0,0,true,2969,0/2969
iid,3000,32,0123,0,3000,2969,0,0,true,2969,0/2969
iid,10000,1,0,994,10000,10000,994,1988,true,9006,994/10000
iid,10000,1,1,980,10000,10000,980,1960,true,9020,980/10000
iid,10000,1,00,114,10000,10000,0,228,true,10000,0/10000
iid,10000,1,01,93,10000,10000,0,186,true,10000,0/10000
iid,10000,1,11,91,10000,10000,0,182,true,10000,0/10000
iid,10000,1,000,11,10000,10000,0,22,true,10000,0/10000
iid,10000,1,001,16,10000,10000,0,32,true,10000,0/10000
iid,10000,1,012,5,10000,10000,0,10,true,10000,0/10000
iid,10000,1,123,13,10000,10000,0,26,true,10000,0/10000
iid,10000,1,0000,0,10000,10000,0,0,true,10000,0/10000
iid,10000,1,0123,0,10000,10000,0,0,true,10000,0/10000
iid,10000,2,0,994,10000,9999,1874,2982,true,8125,1874/9999
iid,10000,2,1,980,10000,9999,1869,2940,true,8130,1869/9999
iid,10000,2,00,114,10000,9999,114,342,true,9885,114/9999
iid,10000,2,01,93,10000,9999,93,279,true,9906,93/9999
iid,10000,2,11,91,10000,9999,91,273,true,9908,91/9999
iid,10000,2,000,11,10000,9999,0,33,true,9999,0/9999
iid,10000,2,001,16,10000,9999,0,48,true,9999,0/9999
iid,10000,2,012,5,10000,9999,0,15,true,9999,0/9999
iid,10000,2,123,13,10000,9999,0,39,true,9999,0/9999
iid,10000,2,0000,0,10000,9999,0,0,true,9999,0/9999
iid,10000,2,0123,0,10000,9999,0,0,true,9999,0/9999
iid,10000,4,0,994,10000,9997,3360,4970,true,6637,3360/9997
iid,10000,4,1,980,10000,9997,3387,4900,true,6610,3387/9997
iid,10000,4,00,114,10000,9997,320,570,true,9677,320/9997
iid,10000,4,01,93,10000,9997,277,465,true,9720,277/9997
iid,10000,4,11,91,10000,9997,257,455,true,9740,257/9997
iid,10000,4,000,11,10000,9997,22,55,true,9975,22/9997
iid,10000,4,001,16,10000,9997,32,80,true,9965,32/9997
iid,10000,4,012,5,10000,9997,10,25,true,9987,10/9997
iid,10000,4,123,13,10000,9997,26,65,true,9971,26/9997
iid,10000,4,0000,0,10000,9997,0,0,true,9997,0/9997
iid,10000,4,0123,0,10000,9997,0,0,true,9997,0/9997
iid,10000,8,0,994,10000,9993,5529,8946,true,4464,5529/9993
iid,10000,8,1,980,10000,9993,5603,8820,true,4390,5603/9993
iid,10000,8,00,114,10000,9993,723,1026,true,9270,723/9993
iid,10000,8,01,93,10000,9993,630,837,true,9363,630/9993
iid,10000,8,11,91,10000,9993,576,819,true,9417,576/9993
iid,10000,8,000,11,10000,9993,66,99,true,9927,66/9993
iid,10000,8,001,16,10000,9993,96,144,true,9897,96/9993
iid,10000,8,012,5,10000,9993,30,45,true,9963,30/9993
iid,10000,8,123,13,10000,9993,78,117,true,9915,78/9993
iid,10000,8,0000,0,10000,9993,0,0,true,9993,0/9993
iid,10000,8,0123,0,10000,9993,0,0,true,9993,0/9993
iid,10000,16,0,994,10000,9985,7977,16898,true,2008,7977/9985
iid,10000,16,1,980,10000,9985,8058,16660,true,1927,8058/9985
iid,10000,16,00,114,10000,9985,1469,1938,true,8516,1469/9985
iid,10000,16,01,93,10000,9985,1303,1581,true,8682,1303/9985
iid,10000,16,11,91,10000,9985,1183,1547,true,8802,1183/9985
iid,10000,16,000,11,10000,9985,154,187,true,9831,154/9985
iid,10000,16,001,16,10000,9985,224,272,true,9761,224/9985
iid,10000,16,012,5,10000,9985,70,85,true,9915,70/9985
iid,10000,16,123,13,10000,9985,182,221,true,9803,182/9985
iid,10000,16,0000,0,10000,9985,0,0,true,9985,0/9985
iid,10000,16,0123,0,10000,9985,0,0,true,9985,0/9985
iid,10000,32,0,994,10000,9969,9531,32802,true,438,9531/9969
iid,10000,32,1,980,10000,9969,9594,32340,true,375,9594/9969
iid,10000,32,00,114,10000,9969,2833,3762,true,7136,2833/9969
iid,10000,32,01,93,10000,9969,2546,3069,true,7423,2546/9969
iid,10000,32,11,91,10000,9969,2230,3003,true,7739,2230/9969
iid,10000,32,000,11,10000,9969,330,363,true,9639,330/9969
iid,10000,32,001,16,10000,9969,480,528,true,9489,480/9969
iid,10000,32,012,5,10000,9969,150,165,true,9819,150/9969
iid,10000,32,123,13,10000,9969,390,429,true,9579,390/9969
iid,10000,32,0000,0,10000,9969,0,0,true,9969,0/9969
iid,10000,32,0123,0,10000,9969,0,0,true,9969,0/9969
champernowne,1000,1,0,66,1000,1000,66,132,true,934,66/1000
champernowne,1000,1,1,177,1000,1000,177,354,true,823,177/1000
champernowne,1000,1,00,3,1000,1000,0,6,true,1000,0/1000
champernowne,1000,1,01,14,1000,1000,0,28,true,1000,0/1000
champernowne,1000,1,11,25,1000,1000,0,50,true,1000,0/1000
champernowne,1000,1,000,0,1000,1000,0,0,true,1000,0/1000
champernowne,1000,1,001,1,1000,1000,0,2,true,1000,0/1000
champernowne,1000,1,012,2,1000,1000,0,4,true,1000,0/1000
champernowne,1000,1,123,4,1000,1000,0,8,true,1000,0/1000
champernowne,1000,1,0000,0,1000,1000,0,0,true,1000,0/1000
champernowne,1000,1,0123,0,1000,1000,0,0,true,1000,0/1000
champernowne,1000,2,0,66,1000,999,129,198,true,870,129/999
champernowne,1000,2,1,177,1000,999,328,531,true,671,328/999
champernowne,1000,2,00,3,1000,999,3,9,true,996,3/999
champernowne,1000,2,01,14,1000,999,14,42,true,985,14/999
champernowne,1000,2,11,25,1000,999,25,75,true,974,25/999
champernowne,1000,2,000,0,1000,999,0,0,true,999,0/999
champernowne,1000,2,001,1,1000,999,0,3,true,999,0/999
champernowne,1000,2,012,2,1000,999,0,6,true,999,0/999
champernowne,1000,2,123,4,1000,999,0,12,true,999,0/999
champernowne,1000,2,0000,0,1000,999,0,0,true,999,0/999
champernowne,1000,2,0123,0,1000,999,0,0,true,999,0/999
champernowne,1000,4,0,66,1000,997,225,330,true,772,225/997
champernowne,1000,4,1,177,1000,997,478,885,true,519,478/997
champernowne,1000,4,00,3,1000,997,9,15,true,988,9/997
champernowne,1000,4,01,14,1000,997,41,70,true,956,41/997
champernowne,1000,4,11,25,1000,997,67,125,true,930,67/997
champernowne,1000,4,000,0,1000,997,0,0,true,997,0/997
champernowne,1000,4,001,1,1000,997,2,5,true,995,2/997
champernowne,1000,4,012,2,1000,997,4,10,true,993,4/997
champernowne,1000,4,123,4,1000,997,7,20,true,990,7/997
champernowne,1000,4,0000,0,1000,997,0,0,true,997,0/997
champernowne,1000,4,0123,0,1000,997,0,0,true,997,0/997
champernowne,1000,8,0,66,1000,993,357,594,true,636,357/993
champernowne,1000,8,1,177,1000,993,581,1593,true,412,581/993
champernowne,1000,8,00,3,1000,993,21,27,true,972,21/993
champernowne,1000,8,01,14,1000,993,93,126,true,900,93/993
champernowne,1000,8,11,25,1000,993,119,225,true,874,119/993
champernowne,1000,8,000,0,1000,993,0,0,true,993,0/993
champernowne,1000,8,001,1,1000,993,6,9,true,987,6/993
champernowne,1000,8,012,2,1000,993,12,18,true,981,12/993
champernowne,1000,8,123,4,1000,993,19,36,true,974,19/993
champernowne,1000,8,0000,0,1000,993,0,0,true,993,0/993
champernowne,1000,8,0123,0,1000,993,0,0,true,993,0/993
champernowne,1000,16,0,66,1000,985,616,1122,true,369,616/985
champernowne,1000,16,1,177,1000,985,758,3009,true,227,758/985
champernowne,1000,16,00,3,1000,985,45,51,true,940,45/985
champernowne,1000,16,01,14,1000,985,193,238,true,792,193/985
champernowne,1000,16,11,25,1000,985,213,425,true,772,213/985
champernowne,1000,16,000,0,1000,985,0,0,true,985,0/985
champernowne,1000,16,001,1,1000,985,14,17,true,971,14/985
champernowne,1000,16,012,2,1000,985,28,34,true,957,28/985
champernowne,1000,16,123,4,1000,985,43,68,true,942,43/985
champernowne,1000,16,0000,0,1000,985,0,0,true,985,0/985
champernowne,1000,16,0123,0,1000,985,0,0,true,985,0/985
champernowne,1000,32,0,66,1000,969,969,2178,true,0,969/969
champernowne,1000,32,1,177,1000,969,969,5841,true,0,969/969
champernowne,1000,32,00,3,1000,969,93,99,true,876,93/969
champernowne,1000,32,01,14,1000,969,374,462,true,595,374/969
champernowne,1000,32,11,25,1000,969,376,825,true,593,376/969
champernowne,1000,32,000,0,1000,969,0,0,true,969,0/969
champernowne,1000,32,001,1,1000,969,30,33,true,939,30/969
champernowne,1000,32,012,2,1000,969,60,66,true,909,60/969
champernowne,1000,32,123,4,1000,969,91,132,true,878,91/969
champernowne,1000,32,0000,0,1000,969,0,0,true,969,0/969
champernowne,1000,32,0123,0,1000,969,0,0,true,969,0/969
champernowne,3000,1,0,230,3000,3000,230,460,true,2770,230/3000
champernowne,3000,1,1,341,3000,3000,341,682,true,2659,341/3000
champernowne,3000,1,00,20,3000,3000,0,40,true,3000,0/3000
champernowne,3000,1,01,34,3000,3000,0,68,true,3000,0/3000
champernowne,3000,1,11,35,3000,3000,0,70,true,3000,0/3000
champernowne,3000,1,000,1,3000,3000,0,2,true,3000,0/3000
champernowne,3000,1,001,3,3000,3000,0,6,true,3000,0/3000
champernowne,3000,1,012,3,3000,3000,0,6,true,3000,0/3000
champernowne,3000,1,123,4,3000,3000,0,8,true,3000,0/3000
champernowne,3000,1,0000,0,3000,3000,0,0,true,3000,0/3000
champernowne,3000,1,0123,0,3000,3000,0,0,true,3000,0/3000
champernowne,3000,2,0,230,3000,2999,440,690,true,2559,440/2999
champernowne,3000,2,1,341,3000,2999,646,1023,true,2353,646/2999
champernowne,3000,2,00,20,3000,2999,20,60,true,2979,20/2999
champernowne,3000,2,01,34,3000,2999,34,102,true,2965,34/2999
champernowne,3000,2,11,35,3000,2999,35,105,true,2964,35/2999
champernowne,3000,2,000,1,3000,2999,0,3,true,2999,0/2999
champernowne,3000,2,001,3,3000,2999,0,9,true,2999,0/2999
champernowne,3000,2,012,3,3000,2999,0,9,true,2999,0/2999
champernowne,3000,2,123,4,3000,2999,0,12,true,2999,0/2999
champernowne,3000,2,0000,0,3000,2999,0,0,true,2999,0/2999
champernowne,3000,2,0123,0,3000,2999,0,0,true,2999,0/2999
champernowne,3000,4,0,230,3000,2997,749,1150,true,2248,749/2997
champernowne,3000,4,1,341,3000,2997,1003,1705,true,1994,1003/2997
champernowne,3000,4,00,20,3000,2997,58,100,true,2939,58/2997
champernowne,3000,4,01,34,3000,2997,99,170,true,2898,99/2997
champernowne,3000,4,11,35,3000,2997,95,175,true,2902,95/2997
champernowne,3000,4,000,1,3000,2997,2,5,true,2995,2/2997
champernowne,3000,4,001,3,3000,2997,6,15,true,2991,6/2997
champernowne,3000,4,012,3,3000,2997,6,15,true,2991,6/2997
champernowne,3000,4,123,4,3000,2997,7,20,true,2990,7/2997
champernowne,3000,4,0000,0,3000,2997,0,0,true,2997,0/2997
champernowne,3000,4,0123,0,3000,2997,0,0,true,2997,0/2997
champernowne,3000,8,0,230,3000,2993,1109,2070,true,1884,1109/2993
champernowne,3000,8,1,341,3000,2993,1352,3069,true,1641,1352/2993
champernowne,3000,8,00,20,3000,2993,106,180,true,2887,106/2993
champernowne,3000,8,01,34,3000,2993,194,306,true,2799,194/2993
champernowne,3000,8,11,35,3000,2993,183,315,true,2810,183/2993
champernowne,3000,8,000,1,3000,2993,6,9,true,2987,6/2993
champernowne,3000,8,001,3,3000,2993,15,27,true,2978,15/2993
champernowne,3000,8,012,3,3000,2993,18,27,true,2975,18/2993
champernowne,3000,8,123,4,3000,2993,19,36,true,2974,19/2993
champernowne,3000,8,0000,0,3000,2993,0,0,true,2993,0/2993
champernowne,3000,8,0123,0,3000,2993,0,0,true,2993,0/2993
champernowne,3000,16,0,230,3000,2985,1824,3910,true,1161,1824/2985
champernowne,3000,16,1,341,3000,2985,1985,5797,true,1000,1985/2985
champernowne,3000,16,00,20,3000,2985,186,340,true,2799,186/2985
champernowne,3000,16,01,34,3000,2985,358,578,true,2627,358/2985
champernowne,3000,16,11,35,3000,2985,349,595,true,2636,349/2985
champernowne,3000,16,000,1,3000,2985,14,17,true,2971,14/2985
champernowne,3000,16,001,3,3000,2985,31,51,true,2954,31/2985
champernowne,3000,16,012,3,3000,2985,42,51,true,2943,42/2985
champernowne,3000,16,123,4,3000,2985,43,68,true,2942,43/2985
champernowne,3000,16,0000,0,3000,2985,0,0,true,2985,0/2985
champernowne,3000,16,0123,0,3000,2985,0,0,true,2985,0/2985
champernowne,3000,32,0,230,3000,2969,2969,7590,true,0,2969/2969
champernowne,3000,32,1,341,3000,2969,2969,11253,true,0,2969/2969
champernowne,3000,32,00,20,3000,2969,346,660,true,2623,346/2969
champernowne,3000,32,01,34,3000,2969,663,1122,true,2306,663/2969
champernowne,3000,32,11,35,3000,2969,648,1155,true,2321,648/2969
champernowne,3000,32,000,1,3000,2969,30,33,true,2939,30/2969
champernowne,3000,32,001,3,3000,2969,63,99,true,2906,63/2969
champernowne,3000,32,012,3,3000,2969,90,99,true,2879,90/2969
champernowne,3000,32,123,4,3000,2969,91,132,true,2878,91/2969
champernowne,3000,32,0000,0,3000,2969,0,0,true,2969,0/2969
champernowne,3000,32,0123,0,3000,2969,0,0,true,2969,0/2969
champernowne,10000,1,0,747,10000,10000,747,1494,true,9253,747/10000
champernowne,10000,1,1,1858,10000,10000,1858,3716,true,8142,1858/10000
champernowne,10000,1,00,47,10000,10000,0,94,true,10000,0/10000
champernowne,10000,1,01,158,10000,10000,0,316,true,10000,0/10000
champernowne,10000,1,11,269,10000,10000,0,538,true,10000,0/10000
champernowne,10000,1,000,2,10000,10000,0,4,true,10000,0/10000
champernowne,10000,1,001,13,10000,10000,0,26,true,10000,0/10000
champernowne,10000,1,012,22,10000,10000,0,44,true,10000,0/10000
champernowne,10000,1,123,26,10000,10000,0,52,true,10000,0/10000
champernowne,10000,1,0000,0,10000,10000,0,0,true,10000,0/10000
champernowne,10000,1,0123,2,10000,10000,0,4,true,10000,0/10000
champernowne,10000,2,0,747,10000,9999,1447,2241,true,8552,1447/9999
champernowne,10000,2,1,1858,10000,9999,3446,5574,true,6553,3446/9999
champernowne,10000,2,00,47,10000,9999,47,141,true,9952,47/9999
champernowne,10000,2,01,158,10000,9999,158,474,true,9841,158/9999
champernowne,10000,2,11,269,10000,9999,269,807,true,9730,269/9999
champernowne,10000,2,000,2,10000,9999,0,6,true,9999,0/9999
champernowne,10000,2,001,13,10000,9999,0,39,true,9999,0/9999
champernowne,10000,2,012,22,10000,9999,0,66,true,9999,0/9999
champernowne,10000,2,123,26,10000,9999,0,78,true,9999,0/9999
champernowne,10000,2,0000,0,10000,9999,0,0,true,9999,0/9999
champernowne,10000,2,0123,2,10000,9999,0,6,true,9999,0/9999
champernowne,10000,4,0,747,10000,9997,2647,3735,true,7350,2647/9997
champernowne,10000,4,1,1858,10000,9997,5816,9290,true,4181,5816/9997
champernowne,10000,4,00,47,10000,9997,137,235,true,9860,137/9997
champernowne,10000,4,01,158,10000,9997,471,790,true,9526,471/9997
champernowne,10000,4,11,269,10000,9997,735,1345,true,9262,735/9997
champernowne,10000,4,000,2,10000,9997,4,10,true,9993,4/9997
champernowne,10000,4,001,13,10000,9997,26,65,true,9971,26/9997
champernowne,10000,4,012,22,10000,9997,44,110,true,9953,44/9997
champernowne,10000,4,123,26,10000,9997,51,130,true,9946,51/9997
champernowne,10000,4,0000,0,10000,9997,0,0,true,9997,0/9997
champernowne,10000,4,0123,2,10000,9997,2,10,true,9995,2/9997
champernowne,10000,8,0,747,10000,9993,3593,6723,true,6400,3593/9993
champernowne,10000,8,1,1858,10000,9993,6445,16722,true,3548,6445/9993
champernowne,10000,8,00,47,10000,9993,261,423,true,9732,261/9993
champernowne,10000,8,01,158,10000,9993,999,1422,true,8994,999/9993
champernowne,10000,8,11,269,10000,9993,1295,2421,true,8698,1295/9993
champernowne,10000,8,000,2,10000,9993,12,18,true,9981,12/9993
champernowne,10000,8,001,13,10000,9993,75,117,true,9918,75/9993
champernowne,10000,8,012,22,10000,9993,132,198,true,9861,132/9993
champernowne,10000,8,123,26,10000,9993,133,234,true,9860,133/9993
champernowne,10000,8,0000,0,10000,9993,0,0,true,9993,0/9993
champernowne,10000,8,0123,2,10000,9993,10,18,true,9983,10/9993
champernowne,10000,16,0,747,10000,9985,5444,12699,true,4541,5444/9985
champernowne,10000,16,1,1858,10000,9985,7578,31586,true,2407,7578/9985
champernowne,10000,16,00,47,10000,9985,477,799,true,9508,477/9985
champernowne,10000,16,01,158,10000,9985,2011,2686,true,7974,2011/9985
champernowne,10000,16,11,269,10000,9985,2225,4573,true,7760,2225/9985
champernowne,10000,16,000,2,10000,9985,28,34,true,9957,28/9985
champernowne,10000,16,001,13,10000,9985,171,221,true,9814,171/9985
champernowne,10000,16,012,22,10000,9985,308,374,true,9677,308/9985
champernowne,10000,16,123,26,10000,9985,261,442,true,9724,261/9985
champernowne,10000,16,0000,0,10000,9985,0,0,true,9985,0/9985
champernowne,10000,16,0123,2,10000,9985,26,34,true,9959,26/9985
champernowne,10000,32,0,747,10000,9969,8857,24651,true,1112,8857/9969
champernowne,10000,32,1,1858,10000,9969,9530,61314,true,439,9530/9969
champernowne,10000,32,00,47,10000,9969,909,1551,true,9060,909/9969
champernowne,10000,32,01,158,10000,9969,4016,5214,true,5953,4016/9969
champernowne,10000,32,11,269,10000,9969,4052,8877,true,5917,4052/9969
champernowne,10000,32,000,2,10000,9969,60,66,true,9909,60/9969
champernowne,10000,32,001,13,10000,9969,363,429,true,9606,363/9969
champernowne,10000,32,012,22,10000,9969,660,726,true,9309,660/9969
champernowne,10000,32,123,26,10000,9969,517,858,true,9452,517/9969
champernowne,10000,32,0000,0,10000,9969,0,0,true,9969,0/9969
champernowne,10000,32,0123,2,10000,9969,58,66,true,9911,58/9969
t4_balanced,1000,1,0,412,1000,1000,412,824,true,588,412/1000
t4_balanced,1000,1,1,138,1000,1000,138,276,true,862,138/1000
t4_balanced,1000,1,00,360,1000,1000,0,720,true,1000,0/1000
t4_balanced,1000,1,01,17,1000,1000,0,34,true,1000,0/1000
t4_balanced,1000,1,11,33,1000,1000,0,66,true,1000,0/1000
t4_balanced,1000,1,000,353,1000,1000,0,706,true,1000,0/1000
t4_balanced,1000,1,001,7,1000,1000,0,14,true,1000,0/1000
t4_balanced,1000,1,012,7,1000,1000,0,14,true,1000,0/1000
t4_balanced,1000,1,123,7,1000,1000,0,14,true,1000,0/1000
t4_balanced,1000,1,0000,348,1000,1000,0,696,true,1000,0/1000
t4_balanced,1000,1,0123,6,1000,1000,0,12,true,1000,0/1000
t4_balanced,1000,2,0,412,1000,999,464,1236,true,535,464/999
t4_balanced,1000,2,1,138,1000,999,242,414,true,757,242/999
t4_balanced,1000,2,00,360,1000,999,360,1080,true,639,360/999
t4_balanced,1000,2,01,17,1000,999,17,51,true,982,17/999
t4_balanced,1000,2,11,33,1000,999,33,99,true,966,33/999
t4_balanced,1000,2,000,353,1000,999,0,1059,true,999,0/999
t4_balanced,1000,2,001,7,1000,999,0,21,true,999,0/999
t4_balanced,1000,2,012,7,1000,999,0,21,true,999,0/999
t4_balanced,1000,2,123,7,1000,999,0,21,true,999,0/999
t4_balanced,1000,2,0000,348,1000,999,0,1044,true,999,0/999
t4_balanced,1000,2,0123,6,1000,999,0,18,true,999,0/999
t4_balanced,1000,4,0,412,1000,997,546,2060,true,451,546/997
t4_balanced,1000,4,1,138,1000,997,324,690,true,673,324/997
t4_balanced,1000,4,00,360,1000,997,374,1800,true,623,374/997
t4_balanced,1000,4,01,17,1000,997,48,85,true,949,48/997
t4_balanced,1000,4,11,33,1000,997,79,165,true,918,79/997
t4_balanced,1000,4,000,353,1000,997,358,1765,true,639,358/997
t4_balanced,1000,4,001,7,1000,997,14,35,true,983,14/997
t4_balanced,1000,4,012,7,1000,997,14,35,true,983,14/997
t4_balanced,1000,4,123,7,1000,997,14,35,true,983,14/997
t4_balanced,1000,4,0000,348,1000,997,348,1740,true,649,348/997
t4_balanced,1000,4,0123,6,1000,997,6,30,true,991,6/997
t4_balanced,1000,8,0,412,1000,993,666,3708,true,327,666/993
t4_balanced,1000,8,1,138,1000,993,429,1242,true,564,429/993
t4_balanced,1000,8,00,360,1000,993,401,3240,true,592,401/993
t4_balanced,1000,8,01,17,1000,993,103,153,true,890,103/993
t4_balanced,1000,8,11,33,1000,993,115,297,true,878,115/993
t4_balanced,1000,8,000,353,1000,993,378,3177,true,615,378/993
t4_balanced,1000,8,001,7,1000,993,42,63,true,951,42/993
t4_balanced,1000,8,012,7,1000,993,38,63,true,955,38/993
t4_balanced,1000,8,123,7,1000,993,39,63,true,954,39/993
t4_balanced,1000,8,0000,348,1000,993,364,3132,true,629,364/993
t4_balanced,1000,8,0123,6,1000,993,27,54,true,966,27/993
t4_balanced,1000,16,0,412,1000,985,875,7004,true,110,875/985
t4_balanced,1000,16,1,138,1000,985,601,2346,true,384,601/985
t4_balanced,1000,16,00,360,1000,985,445,6120,true,540,445/985
t4_balanced,1000,16,01,17,1000,985,191,289,true,794,191/985
t4_balanced,1000,16,11,33,1000,985,180,561,true,805,180/985
t4_balanced,1000,16,000,353,1000,985,408,6001,true,577,408/985
t4_balanced,1000,16,001,7,1000,985,91,119,true,894,91/985
t4_balanced,1000,16,012,7,1000,985,78,119,true,907,78/985
t4_balanced,1000,16,123,7,1000,985,77,119,true,908,77/985
t4_balanced,1000,16,0000,348,1000,985,396,5916,true,589,396/985
t4_balanced,1000,16,0123,6,1000,985,60,102,true,925,60/985
t4_balanced,1000,32,0,412,1000,969,969,13596,true,0,969/969
t4_balanced,1000,32,1,138,1000,969,698,4554,true,271,698/969
t4_balanced,1000,32,00,360,1000,969,523,11880,true,446,523/969
t4_balanced,1000,32,01,17,1000,969,304,561,true,665,304/969
t4_balanced,1000,32,11,33,1000,969,282,1089,true,687,282/969
t4_balanced,1000,32,000,353,1000,969,456,11649,true,513,456/969
t4_balanced,1000,32,001,7,1000,969,175,231,true,794,175/969
t4_balanced,1000,32,012,7,1000,969,135,231,true,834,135/969
t4_balanced,1000,32,123,7,1000,969,129,231,true,840,129/969
t4_balanced,1000,32,0000,348,1000,969,449,11484,true,520,449/969
t4_balanced,1000,32,0123,6,1000,969,113,198,true,856,113/969
t4_balanced,3000,1,0,1224,3000,3000,1224,2448,true,1776,1224/3000
t4_balanced,3000,1,1,396,3000,3000,396,792,true,2604,396/3000
t4_balanced,3000,1,00,1092,3000,3000,0,2184,true,3000,0/3000
t4_balanced,3000,1,01,40,3000,3000,0,80,true,3000,0/3000
t4_balanced,3000,1,11,65,3000,3000,0,130,true,3000,0/3000
t4_balanced,3000,1,000,1080,3000,3000,0,2160,true,3000,0/3000
t4_balanced,3000,1,001,9,3000,3000,0,18,true,3000,0/3000
t4_balanced,3000,1,012,11,3000,3000,0,22,true,3000,0/3000
t4_balanced,3000,1,123,11,3000,3000,0,22,true,3000,0/3000
t4_balanced,3000,1,0000,1074,3000,3000,0,2148,true,3000,0/3000
t4_balanced,3000,1,0123,7,3000,3000,0,14,true,3000,0/3000
t4_balanced,3000,2,0,1224,3000,2999,1356,3672,true,1643,1356/2999
t4_balanced,3000,2,1,396,3000,2999,726,1188,true,2273,726/2999
t4_balanced,3000,2,00,1092,3000,2999,1092,3276,true,1907,1092/2999
t4_balanced,3000,2,01,40,3000,2999,40,120,true,2959,40/2999
t4_balanced,3000,2,11,65,3000,2999,65,195,true,2934,65/2999
t4_balanced,3000,2,000,1080,3000,2999,0,3240,true,2999,0/2999
t4_balanced,3000,2,001,9,3000,2999,0,27,true,2999,0/2999
t4_balanced,3000,2,012,11,3000,2999,0,33,true,2999,0/2999
t4_balanced,3000,2,123,11,3000,2999,0,33,true,2999,0/2999
t4_balanced,3000,2,0000,1074,3000,2999,0,3222,true,2999,0/2999
t4_balanced,3000,2,0123,7,3000,2999,0,21,true,2999,0/2999
t4_balanced,3000,4,0,1224,3000,2997,1559,6120,true,1438,1559/2997
t4_balanced,3000,4,1,396,3000,2997,1031,1980,true,1966,1031/2997
t4_balanced,3000,4,00,1092,3000,2997,1116,5460,true,1881,1116/2997
t4_balanced,3000,4,01,40,3000,2997,116,200,true,2881,116/2997
t4_balanced,3000,4,11,65,3000,2997,167,325,true,2830,167/2997
t4_balanced,3000,4,000,1080,3000,2997,1086,5400,true,1911,1086/2997
t4_balanced,3000,4,001,9,3000,2997,18,45,true,2979,18/2997
t4_balanced,3000,4,012,11,3000,2997,22,55,true,2975,22/2997
t4_balanced,3000,4,123,11,3000,2997,22,55,true,2975,22/2997
t4_balanced,3000,4,0000,1074,3000,2997,1074,5370,true,1923,1074/2997
t4_balanced,3000,4,0123,7,3000,2997,7,35,true,2990,7/2997
t4_balanced,3000,8,0,1224,3000,2993,1847,11016,true,1146,1847/2993
t4_balanced,3000,8,1,396,3000,2993,1255,3564,true,1738,1255/2993
t4_balanced,3000,8,00,1092,3000,2993,1163,9828,true,1830,1163/2993
t4_balanced,3000,8,01,40,3000,2993,259,360,true,2734,259/2993
t4_balanced,3000,8,11,65,3000,2993,283,585,true,2710,283/2993
t4_balanced,3000,8,000,1080,3000,2993,1110,9720,true,1883,1110/2993
t4_balanced,3000,8,001,9,3000,2993,54,81,true,2939,54/2993
t4_balanced,3000,8,012,11,3000,2993,62,99,true,2931,62/2993
t4_balanced,3000,8,123,11,3000,2993,63,99,true,2930,63/2993
t4_balanced,3000,8,0000,1074,3000,2993,1094,9666,true,1899,1094/2993
t4_balanced,3000,8,0123,7,3000,2993,32,63,true,2961,32/2993
t4_balanced,3000,16,0,1224,3000,2985,2387,20808,true,598,2387/2985
t4_balanced,3000,16,1,396,3000,2985,1628,6732,true,1357,1628/2985
t4_balanced,3000,16,00,1092,3000,2985,1247,18564,true,1738,1247/2985
t4_balanced,3000,16,01,40,3000,2985,519,680,true,2466,519/2985
t4_balanced,3000,16,11,65,3000,2985,501,1105,true,2484,501/2985
t4_balanced,3000,16,000,1080,3000,2985,1148,18360,true,1837,1148/2985
t4_balanced,3000,16,001,9,3000,2985,119,153,true,2866,119/2985
t4_balanced,3000,16,012,11,3000,2985,134,187,true,2851,134/2985
t4_balanced,3000,16,123,11,3000,2985,135,187,true,2850,135/2985
t4_balanced,3000,16,0000,1074,3000,2985,1134,18258,true,1851,1134/2985
t4_balanced,3000,16,0123,7,3000,2985,73,119,true,2912,73/2985
t4_balanced,3000,32,0,1224,3000,2969,2969,40392,true,0,2969/2969
t4_balanced,3000,32,1,396,3000,2969,1976,13068,true,993,1976/2969
t4_balanced,3000,32,00,1092,3000,2969,1397,36036,true,1572,1397/2969
t4_balanced,3000,32,01,40,3000,2969,950,1320,true,2019,950/2969
t4_balanced,3000,32,11,65,3000,2969,901,2145,true,2068,901/2969
t4_balanced,3000,32,000,1080,3000,2969,1212,35640,true,1757,1212/2969
t4_balanced,3000,32,001,9,3000,2969,235,297,true,2734,235/2969
t4_balanced,3000,32,012,11,3000,2969,266,363,true,2703,266/2969
t4_balanced,3000,32,123,11,3000,2969,267,363,true,2702,267/2969
t4_balanced,3000,32,0000,1074,3000,2969,1203,35442,true,1766,1203/2969
t4_balanced,3000,32,0123,7,3000,2969,142,231,true,2827,142/2969
t4_balanced,10000,1,0,3822,10000,10000,3822,7644,true,6178,3822/10000
t4_balanced,10000,1,1,1002,10000,10000,1002,2004,true,8998,1002/10000
t4_balanced,10000,1,00,3303,10000,10000,0,6606,true,10000,0/10000
t4_balanced,10000,1,01,91,10000,10000,0,182,true,10000,0/10000
t4_balanced,10000,1,11,165,10000,10000,0,330,true,10000,0/10000
t4_balanced,10000,1,000,3266,10000,10000,0,6532,true,10000,0/10000
t4_balanced,10000,1,001,14,10000,10000,0,28,true,10000,0/10000
t4_balanced,10000,1,012,15,10000,10000,0,30,true,10000,0/10000
t4_balanced,10000,1,123,17,10000,10000,0,34,true,10000,0/10000
t4_balanced,10000,1,0000,3258,10000,10000,0,6516,true,10000,0/10000
t4_balanced,10000,1,0123,8,10000,10000,0,16,true,10000,0/10000
t4_balanced,10000,2,0,3822,10000,9999,4341,11466,true,5658,4341/9999
t4_balanced,10000,2,1,1002,10000,9999,1838,3006,true,8161,1838/9999
t4_balanced,10000,2,00,3303,10000,9999,3303,9909,true,6696,3303/9999
t4_balanced,10000,2,01,91,10000,9999,91,273,true,9908,91/9999
t4_balanced,10000,2,11,165,10000,9999,165,495,true,9834,165/9999
t4_balanced,10000,2,000,3266,10000,9999,0,9798,true,9999,0/9999
t4_balanced,10000,2,001,14,10000,9999,0,42,true,9999,0/9999
t4_balanced,10000,2,012,15,10000,9999,0,45,true,9999,0/9999
t4_balanced,10000,2,123,17,10000,9999,0,51,true,9999,0/9999
t4_balanced,10000,2,0000,3258,10000,9999,0,9774,true,9999,0/9999
t4_balanced,10000,2,0123,8,10000,9999,0,24,true,9999,0/9999
t4_balanced,10000,4,0,3822,10000,9997,5139,19110,true,4858,5139/9997
t4_balanced,10000,4,1,1002,10000,9997,2796,5010,true,7201,2796/9997
t4_balanced,10000,4,00,3303,10000,9997,3377,16515,true,6620,3377/9997
t4_balanced,10000,4,01,91,10000,9997,266,455,true,9731,266/9997
t4_balanced,10000,4,11,165,10000,9997,424,825,true,9573,424/9997
t4_balanced,10000,4,000,3266,10000,9997,3274,16330,true,6723,3274/9997
t4_balanced,10000,4,001,14,10000,9997,28,70,true,9969,28/9997
t4_balanced,10000,4,012,15,10000,9997,30,75,true,9967,30/9997
t4_balanced,10000,4,123,17,10000,9997,34,85,true,9963,34/9997
t4_balanced,10000,4,0000,3258,10000,9997,3258,16290,true,6739,3258/9997
t4_balanced,10000,4,0123,8,10000,9997,8,40,true,9989,8/9997
t4_balanced,10000,8,0,3822,10000,9993,5973,34398,true,4020,5973/9993
t4_balanced,10000,8,1,1002,10000,9993,3552,9018,true,6441,3552/9993
t4_balanced,10000,8,00,3303,10000,9993,3496,29727,true,6497,3496/9993
t4_balanced,10000,8,01,91,10000,9993,568,819,true,9425,568/9993
t4_balanced,10000,8,11,165,10000,9993,700,1485,true,9293,700/9993
t4_balanced,10000,8,000,3266,10000,9993,3306,29394,true,6687,3306/9993
t4_balanced,10000,8,001,14,10000,9993,81,126,true,9912,81/9993
t4_balanced,10000,8,012,15,10000,9993,86,135,true,9907,86/9993
t4_balanced,10000,8,123,17,10000,9993,99,153,true,9894,99/9993
t4_balanced,10000,8,0000,3258,10000,9993,3282,29322,true,6711,3282/9993
t4_balanced,10000,8,0123,8,10000,9993,37,72,true,9956,37/9993
t4_balanced,10000,16,0,3822,10000,9985,7596,64974,true,2389,7596/9985
t4_balanced,10000,16,1,1002,10000,9985,4894,17034,true,5091,4894/9985
t4_balanced,10000,16,00,3303,10000,9985,3708,56151,true,6277,3708/9985
t4_balanced,10000,16,01,91,10000,9985,1120,1547,true,8865,1120/9985
t4_balanced,10000,16,11,165,10000,9985,1183,2805,true,8802,1183/9985
t4_balanced,10000,16,000,3266,10000,9985,3360,55522,true,6625,3360/9985
t4_balanced,10000,16,001,14,10000,9985,178,238,true,9807,178/9985
t4_balanced,10000,16,012,15,10000,9985,190,255,true,9795,190/9985
t4_balanced,10000,16,123,17,10000,9985,219,289,true,9766,219/9985
t4_balanced,10000,16,0000,3258,10000,9985,3330,55386,true,6655,3330/9985
t4_balanced,10000,16,0123,8,10000,9985,86,136,true,9899,86/9985
t4_balanced,10000,32,0,3822,10000,9969,9953,126126,true,16,9953/9969
t4_balanced,10000,32,1,1002,10000,9969,6808,33066,true,3161,6808/9969
t4_balanced,10000,32,00,3303,10000,9969,4122,108999,true,5847,4122/9969
t4_balanced,10000,32,01,91,10000,9969,2123,3003,true,7846,2123/9969
t4_balanced,10000,32,11,165,10000,9969,2098,5445,true,7871,2098/9969
t4_balanced,10000,32,000,3266,10000,9969,3456,107778,true,6513,3456/9969
t4_balanced,10000,32,001,14,10000,9969,358,462,true,9611,358/9969
t4_balanced,10000,32,012,15,10000,9969,386,495,true,9583,386/9969
t4_balanced,10000,32,123,17,10000,9969,447,561,true,9522,447/9969
t4_balanced,10000,32,0000,3258,10000,9969,3415,107514,true,6554,3415/9969
t4_balanced,10000,32,0123,8,10000,9969,171,264,true,9798,171/9969
t2_sparse_island,1000,1,0,995,1000,1000,995,1990,true,5,995/1000
t2_sparse_island,1000,1,1,1,1000,1000,1,2,true,999,1/1000
t2_sparse_island,1000,1,00,990,1000,1000,0,1980,true,1000,0/1000
t2_sparse_island,1000,1,01,1,1000,1000,0,2,true,1000,0/1000
t2_sparse_island,1000,1,11,0,1000,1000,0,0,true,1000,0/1000
t2_sparse_island,1000,1,000,986,1000,1000,0,1972,true,1000,0/1000
t2_sparse_island,1000,1,001,0,1000,1000,0,0,true,1000,0/1000
t2_sparse_island,1000,1,012,0,1000,1000,0,0,true,1000,0/1000
t2_sparse_island,1000,1,123,0,1000,1000,0,0,true,1000,0/1000
t2_sparse_island,1000,1,0000,982,1000,1000,0,1964,true,1000,0/1000
t2_sparse_island,1000,1,0123,0,1000,1000,0,0,true,1000,0/1000
t2_sparse_island,1000,2,0,995,1000,999,999,2985,true,0,999/999
t2_sparse_island,1000,2,1,1,1000,999,2,3,true,997,2/999
t2_sparse_island,1000,2,00,990,1000,999,989,2970,true,10,989/999
t2_sparse_island,1000,2,01,1,1000,999,1,3,true,998,1/999
t2_sparse_island,1000,2,11,0,1000,999,0,0,true,999,0/999
t2_sparse_island,1000,2,000,986,1000,999,0,2958,true,999,0/999
t2_sparse_island,1000,2,001,0,1000,999,0,0,true,999,0/999
t2_sparse_island,1000,2,012,0,1000,999,0,0,true,999,0/999
t2_sparse_island,1000,2,123,0,1000,999,0,0,true,999,0/999
t2_sparse_island,1000,2,0000,982,1000,999,0,2946,true,999,0/999
t2_sparse_island,1000,2,0123,0,1000,999,0,0,true,999,0/999
t2_sparse_island,1000,4,0,995,1000,997,997,4975,true,0,997/997
t2_sparse_island,1000,4,1,1,1000,997,2,5,true,995,2/997
t2_sparse_island,1000,4,00,990,1000,997,997,4950,true,0,997/997
t2_sparse_island,1000,4,01,1,1000,997,1,5,true,996,1/997
t2_sparse_island,1000,4,11,0,1000,997,0,0,true,997,0/997
t2_sparse_island,1000,4,000,986,1000,997,988,4930,true,9,988/997
t2_sparse_island,1000,4,001,0,1000,997,0,0,true,997,0/997
t2_sparse_island,1000,4,012,0,1000,997,0,0,true,997,0/997
t2_sparse_island,1000,4,123,0,1000,997,0,0,true,997,0/997
t2_sparse_island,1000,4,0000,982,1000,997,979,4910,true,18,979/997
t2_sparse_island,1000,4,0123,0,1000,997,0,0,true,997,0/997
t2_sparse_island,1000,8,0,995,1000,993,993,8955,true,0,993/993
t2_sparse_island,1000,8,1,1,1000,993,2,9,true,991,2/993
t2_sparse_island,1000,8,00,990,1000,993,993,8910,true,0,993/993
t2_sparse_island,1000,8,01,1,1000,993,1,9,true,992,1/993
t2_sparse_island,1000,8,11,0,1000,993,0,0,true,993,0/993
t2_sparse_island,1000,8,000,986,1000,993,993,8874,true,0,993/993
t2_sparse_island,1000,8,001,0,1000,993,0,0,true,993,0/993
t2_sparse_island,1000,8,012,0,1000,993,0,0,true,993,0/993
t2_sparse_island,1000,8,123,0,1000,993,0,0,true,993,0/993
t2_sparse_island,1000,8,0000,982,1000,993,993,8838,true,0,993/993
t2_sparse_island,1000,8,0123,0,1000,993,0,0,true,993,0/993
t2_sparse_island,1000,16,0,995,1000,985,985,16915,true,0,985/985
t2_sparse_island,1000,16,1,1,1000,985,2,17,true,983,2/985
t2_sparse_island,1000,16,00,990,1000,985,985,16830,true,0,985/985
t2_sparse_island,1000,16,01,1,1000,985,1,17,true,984,1/985
t2_sparse_island,1000,16,11,0,1000,985,0,0,true,985,0/985
t2_sparse_island,1000,16,000,986,1000,985,985,16762,true,0,985/985
t2_sparse_island,1000,16,001,0,1000,985,0,0,true,985,0/985
t2_sparse_island,1000,16,012,0,1000,985,0,0,true,985,0/985
t2_sparse_island,1000,16,123,0,1000,985,0,0,true,985,0/985
t2_sparse_island,1000,16,0000,982,1000,985,985,16694,true,0,985/985
t2_sparse_island,1000,16,0123,0,1000,985,0,0,true,985,0/985
t2_sparse_island,1000,32,0,995,1000,969,969,32835,true,0,969/969
t2_sparse_island,1000,32,1,1,1000,969,2,33,true,967,2/969
t2_sparse_island,1000,32,00,990,1000,969,969,32670,true,0,969/969
t2_sparse_island,1000,32,01,1,1000,969,1,33,true,968,1/969
t2_sparse_island,1000,32,11,0,1000,969,0,0,true,969,0/969
t2_sparse_island,1000,32,000,986,1000,969,969,32538,true,0,969/969
t2_sparse_island,1000,32,001,0,1000,969,0,0,true,969,0/969
t2_sparse_island,1000,32,012,0,1000,969,0,0,true,969,0/969
t2_sparse_island,1000,32,123,0,1000,969,0,0,true,969,0/969
t2_sparse_island,1000,32,0000,982,1000,969,969,32406,true,0,969/969
t2_sparse_island,1000,32,0123,0,1000,969,0,0,true,969,0/969
t2_sparse_island,3000,1,0,2994,3000,3000,2994,5988,true,6,2994/3000
t2_sparse_island,3000,1,1,1,3000,3000,1,2,true,2999,1/3000
t2_sparse_island,3000,1,00,2988,3000,3000,0,5976,true,3000,0/3000
t2_sparse_island,3000,1,01,1,3000,3000,0,2,true,3000,0/3000
t2_sparse_island,3000,1,11,0,3000,3000,0,0,true,3000,0/3000
t2_sparse_island,3000,1,000,2983,3000,3000,0,5966,true,3000,0/3000
t2_sparse_island,3000,1,001,0,3000,3000,0,0,true,3000,0/3000
t2_sparse_island,3000,1,012,0,3000,3000,0,0,true,3000,0/3000
t2_sparse_island,3000,1,123,0,3000,3000,0,0,true,3000,0/3000
t2_sparse_island,3000,1,0000,2978,3000,3000,0,5956,true,3000,0/3000
t2_sparse_island,3000,1,0123,0,3000,3000,0,0,true,3000,0/3000
t2_sparse_island,3000,2,0,2994,3000,2999,2999,8982,true,0,2999/2999
t2_sparse_island,3000,2,1,1,3000,2999,2,3,true,2997,2/2999
t2_sparse_island,3000,2,00,2988,3000,2999,2987,8964,true,12,2987/2999
t2_sparse_island,3000,2,01,1,3000,2999,1,3,true,2998,1/2999
t2_sparse_island,3000,2,11,0,3000,2999,0,0,true,2999,0/2999
t2_sparse_island,3000,2,000,2983,3000,2999,0,8949,true,2999,0/2999
t2_sparse_island,3000,2,001,0,3000,2999,0,0,true,2999,0/2999
t2_sparse_island,3000,2,012,0,3000,2999,0,0,true,2999,0/2999
t2_sparse_island,3000,2,123,0,3000,2999,0,0,true,2999,0/2999
t2_sparse_island,3000,2,0000,2978,3000,2999,0,8934,true,2999,0/2999
t2_sparse_island,3000,2,0123,0,3000,2999,0,0,true,2999,0/2999
t2_sparse_island,3000,4,0,2994,3000,2997,2997,14970,true,0,2997/2997
t2_sparse_island,3000,4,1,1,3000,2997,2,5,true,2995,2/2997
t2_sparse_island,3000,4,00,2988,3000,2997,2997,14940,true,0,2997/2997
t2_sparse_island,3000,4,01,1,3000,2997,1,5,true,2996,1/2997
t2_sparse_island,3000,4,11,0,3000,2997,0,0,true,2997,0/2997
t2_sparse_island,3000,4,000,2983,3000,2997,2986,14915,true,11,2986/2997
t2_sparse_island,3000,4,001,0,3000,2997,0,0,true,2997,0/2997
t2_sparse_island,3000,4,012,0,3000,2997,0,0,true,2997,0/2997
t2_sparse_island,3000,4,123,0,3000,2997,0,0,true,2997,0/2997
t2_sparse_island,3000,4,0000,2978,3000,2997,2975,14890,true,22,2975/2997
t2_sparse_island,3000,4,0123,0,3000,2997,0,0,true,2997,0/2997
t2_sparse_island,3000,8,0,2994,3000,2993,2993,26946,true,0,2993/2993
t2_sparse_island,3000,8,1,1,3000,2993,2,9,true,2991,2/2993
t2_sparse_island,3000,8,00,2988,3000,2993,2993,26892,true,0,2993/2993
t2_sparse_island,3000,8,01,1,3000,2993,1,9,true,2992,1/2993
t2_sparse_island,3000,8,11,0,3000,2993,0,0,true,2993,0/2993
t2_sparse_island,3000,8,000,2983,3000,2993,2993,26847,true,0,2993/2993
t2_sparse_island,3000,8,001,0,3000,2993,0,0,true,2993,0/2993
t2_sparse_island,3000,8,012,0,3000,2993,0,0,true,2993,0/2993
t2_sparse_island,3000,8,123,0,3000,2993,0,0,true,2993,0/2993
t2_sparse_island,3000,8,0000,2978,3000,2993,2993,26802,true,0,2993/2993
t2_sparse_island,3000,8,0123,0,3000,2993,0,0,true,2993,0/2993
t2_sparse_island,3000,16,0,2994,3000,2985,2985,50898,true,0,2985/2985
t2_sparse_island,3000,16,1,1,3000,2985,2,17,true,2983,2/2985
t2_sparse_island,3000,16,00,2988,3000,2985,2985,50796,true,0,2985/2985
t2_sparse_island,3000,16,01,1,3000,2985,1,17,true,2984,1/2985
t2_sparse_island,3000,16,11,0,3000,2985,0,0,true,2985,0/2985
t2_sparse_island,3000,16,000,2983,3000,2985,2985,50711,true,0,2985/2985
t2_sparse_island,3000,16,001,0,3000,2985,0,0,true,2985,0/2985
t2_sparse_island,3000,16,012,0,3000,2985,0,0,true,2985,0/2985
t2_sparse_island,3000,16,123,0,3000,2985,0,0,true,2985,0/2985
t2_sparse_island,3000,16,0000,2978,3000,2985,2985,50626,true,0,2985/2985
t2_sparse_island,3000,16,0123,0,3000,2985,0,0,true,2985,0/2985
t2_sparse_island,3000,32,0,2994,3000,2969,2969,98802,true,0,2969/2969
t2_sparse_island,3000,32,1,1,3000,2969,2,33,true,2967,2/2969
t2_sparse_island,3000,32,00,2988,3000,2969,2969,98604,true,0,2969/2969
t2_sparse_island,3000,32,01,1,3000,2969,1,33,true,2968,1/2969
t2_sparse_island,3000,32,11,0,3000,2969,0,0,true,2969,0/2969
t2_sparse_island,3000,32,000,2983,3000,2969,2969,98439,true,0,2969/2969
t2_sparse_island,3000,32,001,0,3000,2969,0,0,true,2969,0/2969
t2_sparse_island,3000,32,012,0,3000,2969,0,0,true,2969,0/2969
t2_sparse_island,3000,32,123,0,3000,2969,0,0,true,2969,0/2969
t2_sparse_island,3000,32,0000,2978,3000,2969,2969,98274,true,0,2969/2969
t2_sparse_island,3000,32,0123,0,3000,2969,0,0,true,2969,0/2969
t2_sparse_island,10000,1,0,9992,10000,10000,9992,19984,true,8,9992/10000
t2_sparse_island,10000,1,1,1,10000,10000,1,2,true,9999,1/10000
t2_sparse_island,10000,1,00,9984,10000,10000,0,19968,true,10000,0/10000
t2_sparse_island,10000,1,01,1,10000,10000,0,2,true,10000,0/10000
t2_sparse_island,10000,1,11,0,10000,10000,0,0,true,10000,0/10000
t2_sparse_island,10000,1,000,9977,10000,10000,0,19954,true,10000,0/10000
t2_sparse_island,10000,1,001,0,10000,10000,0,0,true,10000,0/10000
t2_sparse_island,10000,1,012,0,10000,10000,0,0,true,10000,0/10000
t2_sparse_island,10000,1,123,0,10000,10000,0,0,true,10000,0/10000
t2_sparse_island,10000,1,0000,9970,10000,10000,0,19940,true,10000,0/10000
t2_sparse_island,10000,1,0123,0,10000,10000,0,0,true,10000,0/10000
t2_sparse_island,10000,2,0,9992,10000,9999,9999,29976,true,0,9999/9999
t2_sparse_island,10000,2,1,1,10000,9999,2,3,true,9997,2/9999
t2_sparse_island,10000,2,00,9984,10000,9999,9983,29952,true,16,9983/9999
t2_sparse_island,10000,2,01,1,10000,9999,1,3,true,9998,1/9999
t2_sparse_island,10000,2,11,0,10000,9999,0,0,true,9999,0/9999
t2_sparse_island,10000,2,000,9977,10000,9999,0,29931,true,9999,0/9999
t2_sparse_island,10000,2,001,0,10000,9999,0,0,true,9999,0/9999
t2_sparse_island,10000,2,012,0,10000,9999,0,0,true,9999,0/9999
t2_sparse_island,10000,2,123,0,10000,9999,0,0,true,9999,0/9999
t2_sparse_island,10000,2,0000,9970,10000,9999,0,29910,true,9999,0/9999
t2_sparse_island,10000,2,0123,0,10000,9999,0,0,true,9999,0/9999
t2_sparse_island,10000,4,0,9992,10000,9997,9997,49960,true,0,9997/9997
t2_sparse_island,10000,4,1,1,10000,9997,2,5,true,9995,2/9997
t2_sparse_island,10000,4,00,9984,10000,9997,9997,49920,true,0,9997/9997
t2_sparse_island,10000,4,01,1,10000,9997,1,5,true,9996,1/9997
t2_sparse_island,10000,4,11,0,10000,9997,0,0,true,9997,0/9997
t2_sparse_island,10000,4,000,9977,10000,9997,9982,49885,true,15,9982/9997
t2_sparse_island,10000,4,001,0,10000,9997,0,0,true,9997,0/9997
t2_sparse_island,10000,4,012,0,10000,9997,0,0,true,9997,0/9997
t2_sparse_island,10000,4,123,0,10000,9997,0,0,true,9997,0/9997
t2_sparse_island,10000,4,0000,9970,10000,9997,9967,49850,true,30,9967/9997
t2_sparse_island,10000,4,0123,0,10000,9997,0,0,true,9997,0/9997
t2_sparse_island,10000,8,0,9992,10000,9993,9993,89928,true,0,9993/9993
t2_sparse_island,10000,8,1,1,10000,9993,2,9,true,9991,2/9993
t2_sparse_island,10000,8,00,9984,10000,9993,9993,89856,true,0,9993/9993
t2_sparse_island,10000,8,01,1,10000,9993,1,9,true,9992,1/9993
t2_sparse_island,10000,8,11,0,10000,9993,0,0,true,9993,0/9993
t2_sparse_island,10000,8,000,9977,10000,9993,9993,89793,true,0,9993/9993
t2_sparse_island,10000,8,001,0,10000,9993,0,0,true,9993,0/9993
t2_sparse_island,10000,8,012,0,10000,9993,0,0,true,9993,0/9993
t2_sparse_island,10000,8,123,0,10000,9993,0,0,true,9993,0/9993
t2_sparse_island,10000,8,0000,9970,10000,9993,9993,89730,true,0,9993/9993
t2_sparse_island,10000,8,0123,0,10000,9993,0,0,true,9993,0/9993
t2_sparse_island,10000,16,0,9992,10000,9985,9985,169864,true,0,9985/9985
t2_sparse_island,10000,16,1,1,10000,9985,2,17,true,9983,2/9985
t2_sparse_island,10000,16,00,9984,10000,9985,9985,169728,true,0,9985/9985
t2_sparse_island,10000,16,01,1,10000,9985,1,17,true,9984,1/9985
t2_sparse_island,10000,16,11,0,10000,9985,0,0,true,9985,0/9985
t2_sparse_island,10000,16,000,9977,10000,9985,9985,169609,true,0,9985/9985
t2_sparse_island,10000,16,001,0,10000,9985,0,0,true,9985,0/9985
t2_sparse_island,10000,16,012,0,10000,9985,0,0,true,9985,0/9985
t2_sparse_island,10000,16,123,0,10000,9985,0,0,true,9985,0/9985
t2_sparse_island,10000,16,0000,9970,10000,9985,9985,169490,true,0,9985/9985
t2_sparse_island,10000,16,0123,0,10000,9985,0,0,true,9985,0/9985
t2_sparse_island,10000,32,0,9992,10000,9969,9969,329736,true,0,9969/9969
t2_sparse_island,10000,32,1,1,10000,9969,2,33,true,9967,2/9969
t2_sparse_island,10000,32,00,9984,10000,9969,9969,329472,true,0,9969/9969
t2_sparse_island,10000,32,01,1,10000,9969,1,33,true,9968,1/9969
t2_sparse_island,10000,32,11,0,10000,9969,0,0,true,9969,0/9969
t2_sparse_island,10000,32,000,9977,10000,9969,9969,329241,true,0,9969/9969
t2_sparse_island,10000,32,001,0,10000,9969,0,0,true,9969,0/9969
t2_sparse_island,10000,32,012,0,10000,9969,0,0,true,9969,0/9969
t2_sparse_island,10000,32,123,0,10000,9969,0,0,true,9969,0/9969
t2_sparse_island,10000,32,0000,9970,10000,9969,9969,329010,true,0,9969/9969
t2_sparse_island,10000,32,0123,0,10000,9969,0,0,true,9969,0/9969
