accepted_id,comparison_result
T1,no retained source tuple or normalized fingerprint match
T2,no retained source tuple or normalized fingerprint match
T3,no retained source tuple or normalized fingerprint match
T4,no retained source tuple or normalized fingerprint match
T5,no retained source tuple or normalized fingerprint match
T6,no retained source tuple or normalized fingerprint match
T7,target interface only; no premise imported
T8,no retained source tuple or normalized fingerprint match
T9,no retained source tuple or normalized fingerprint match
T10,target interface only; no premise imported
T12,no retained source tuple or normalized fingerprint match
T13,no retained source tuple or normalized fingerprint match
T14,no retained source tuple or normalized fingerprint match
T17,no retained source tuple or normalized fingerprint match
T18,snapshot-listed; no retained source tuple or normalized fingerprint match
T19,snapshot-listed; no retained source tuple or normalized fingerprint match
T20,no retained source tuple or normalized fingerprint match
T21,snapshot-listed; no retained source tuple or normalized fingerprint match
T23,no retained source tuple or normalized fingerprint match
T24,no retained source tuple or normalized fingerprint match
T25,no retained source tuple or normalized fingerprint match
T26,no retained source tuple or normalized fingerprint match
T27,snapshot-listed; no retained source tuple or normalized fingerprint match
T28,no retained source tuple or normalized fingerprint match
T29,no retained source tuple or normalized fingerprint match
T31,snapshot-listed; no retained source tuple or normalized fingerprint match
T32,snapshot-listed; no retained source tuple or normalized fingerprint match
T33,no retained source tuple or normalized fingerprint match
T34,no retained source tuple or normalized fingerprint match
T35,snapshot-listed; no retained source tuple or normalized fingerprint match
T36,snapshot-listed; no retained source tuple or normalized fingerprint match
T37,no retained source tuple or normalized fingerprint match
T38,no retained source tuple or normalized fingerprint match
T39,no retained source tuple or normalized fingerprint match
T40,snapshot-listed; no retained source tuple or normalized fingerprint match
T41,no retained source tuple or normalized fingerprint match
T43,snapshot-listed; no retained source tuple or normalized fingerprint match
T44,no retained source tuple or normalized fingerprint match
T45,no retained source tuple or normalized fingerprint match
T46,snapshot-listed; no retained source tuple or normalized fingerprint match
T47,snapshot-listed; no retained source tuple or normalized fingerprint match
T49,no retained source tuple or normalized fingerprint match
T50,no retained source tuple or normalized fingerprint match
T51,no retained source tuple or normalized fingerprint match
T53,no retained source tuple or normalized fingerprint match
T54,snapshot-listed; no retained source tuple or normalized fingerprint match
T55,target interface only; no premise imported
T56,snapshot-listed; no retained source tuple or normalized fingerprint match
T57,snapshot-listed; no retained source tuple or normalized fingerprint match
T58,snapshot-listed; no retained source tuple or normalized fingerprint match
T59,snapshot-listed; no retained source tuple or normalized fingerprint match
T60,snapshot-listed; no retained source tuple or normalized fingerprint match
T61,target interface only; no premise imported
T62,no retained source tuple or normalized fingerprint match
T63,excluded rational-tail representation family
T64,target interface only; no premise imported
T65,snapshot-listed; no retained source tuple or normalized fingerprint match
T67,no retained source tuple or normalized fingerprint match
T68,excluded factorial representation family
T72,snapshot-listed; no retained source tuple or normalized fingerprint match
T73,no retained source tuple or normalized fingerprint match
T78,snapshot-listed; no retained source tuple or normalized fingerprint match
T79,no retained source tuple or normalized fingerprint match
T80,snapshot-listed; no retained source tuple or normalized fingerprint match
T81,snapshot-listed; no retained source tuple or normalized fingerprint match
T82,snapshot-listed; no retained source tuple or normalized fingerprint match
T83,no retained source tuple or normalized fingerprint match
T85,snapshot-listed; no retained source tuple or normalized fingerprint match
T86,no retained source tuple or normalized fingerprint match
T87,snapshot-listed; no retained source tuple or normalized fingerprint match
T88,snapshot-listed; no retained source tuple or normalized fingerprint match
T89,no retained source tuple or normalized fingerprint match
T90,no retained source tuple or normalized fingerprint match
T91,snapshot-listed; no retained source tuple or normalized fingerprint match
T92,no retained source tuple or normalized fingerprint match
T93,snapshot-listed; no retained source tuple or normalized fingerprint match
T94,snapshot-listed; no retained source tuple or normalized fingerprint match
T95,snapshot-listed; no retained source tuple or normalized fingerprint match
T96,snapshot-listed; no retained source tuple or normalized fingerprint match
T97,snapshot-listed; no retained source tuple or normalized fingerprint match
T98,snapshot-listed; no retained source tuple or normalized fingerprint match
T99,snapshot-listed; no retained source tuple or normalized fingerprint match
T100,no retained source tuple or normalized fingerprint match
T101,snapshot-listed; no retained source tuple or normalized fingerprint match
T102,snapshot-listed; no retained source tuple or normalized fingerprint match
T103,no retained source tuple or normalized fingerprint match
T104,excluded broad Mahler and ambient Fourier family
T105,no retained source tuple or normalized fingerprint match
T106,no retained source tuple or normalized fingerprint match
T107,no retained source tuple or normalized fingerprint match
T108,no retained source tuple or normalized fingerprint match
T110,no retained source tuple or normalized fingerprint match
T111,no retained source tuple or normalized fingerprint match
T112,no retained source tuple or normalized fingerprint match
T113,snapshot-listed; no retained source tuple or normalized fingerprint match
T114,nearest Pade determinant occupancy branch; distinct source and fingerprint
T115,excluded substitution Fourier-ray family
T116,no retained source tuple or normalized fingerprint match
T117,no retained source tuple or normalized fingerprint match
T118,no retained source tuple or normalized fingerprint match
T120,no retained source tuple or normalized fingerprint match
T121,no retained source tuple or normalized fingerprint match
T124,snapshot-listed; no retained source tuple or normalized fingerprint match
T125,no retained source tuple or normalized fingerprint match
T126,snapshot-listed; no retained source tuple or normalized fingerprint match
T127,excluded Mahler lifting and reciprocal-sum family
T128,excluded automatic collision and Mahler point family
T130,no retained source tuple or normalized fingerprint match
T131,no retained source tuple or normalized fingerprint match
T132,no retained source tuple or normalized fingerprint match
T133,no retained source tuple or normalized fingerprint match
T134,no retained source tuple or normalized fingerprint match
T135,no retained source tuple or normalized fingerprint match
T136,excluded regular Mahler and structured-sum family
T137,snapshot-listed; no retained source tuple or normalized fingerprint match
T140,no retained source tuple or normalized fingerprint match
T141,snapshot-listed; no retained source tuple or normalized fingerprint match
T143,snapshot-listed; no retained source tuple or normalized fingerprint match
T144,snapshot-listed; no retained source tuple or normalized fingerprint match
T145,snapshot-listed; no retained source tuple or normalized fingerprint match
T147,snapshot-listed; no retained source tuple or normalized fingerprint match
T148,snapshot-listed; no retained source tuple or normalized fingerprint match
T149,no retained source tuple or normalized fingerprint match
T150,no retained source tuple or normalized fingerprint match
T151,snapshot-listed; no retained source tuple or normalized fingerprint match
T152,snapshot-listed; no retained source tuple or normalized fingerprint match
T153,no retained source tuple or normalized fingerprint match
T154,snapshot-listed; no retained source tuple or normalized fingerprint match
T155,no retained source tuple or normalized fingerprint match
T157,no retained source tuple or normalized fingerprint match
T158,no retained source tuple or normalized fingerprint match
T159,snapshot-listed; no retained source tuple or normalized fingerprint match
T160,no retained source tuple or normalized fingerprint match
T161,snapshot-listed; no retained source tuple or normalized fingerprint match
T162,excluded automatic rational-phase family
T163,no retained source tuple or normalized fingerprint match
T164,snapshot-listed; no retained source tuple or normalized fingerprint match
T165,snapshot-listed; no retained source tuple or normalized fingerprint match
T166,no retained source tuple or normalized fingerprint match
T167,no retained source tuple or normalized fingerprint match
T168,snapshot-listed; no retained source tuple or normalized fingerprint match
T169,snapshot-listed; no retained source tuple or normalized fingerprint match
T170,snapshot-listed; no retained source tuple or normalized fingerprint match
T171,excluded automatic functional-equation and correlation tuple family
T172,snapshot-listed; no retained source tuple or normalized fingerprint match
T173,snapshot-listed; no retained source tuple or normalized fingerprint match
T175,excluded Mahler constants and effective-cover family
T176,excluded Cantor Mahler and automatic-correlation family
T177,snapshot-listed; no retained source tuple or normalized fingerprint match
T178,no retained source tuple or normalized fingerprint match
T179,no retained source tuple or normalized fingerprint match
T180,no retained source tuple or normalized fingerprint match
T181,no retained source tuple or normalized fingerprint match
T183,no retained source tuple or normalized fingerprint match
T184,snapshot-listed; no retained source tuple or normalized fingerprint match
T186,snapshot-listed; no retained source tuple or normalized fingerprint match
T187,snapshot-listed; no retained source tuple or normalized fingerprint match
T190,excluded nondecaying substitution Fourier-ray screen
