N	num_bits	den_bits	lambda_bits	cancellation_g	g_factorization	v2_num	v3_g	u_num_mod_17	u_num_mod_19	u_num_mod_29	u_num_mod_31	u_num_mod_43	u_num_mod_59	u_num_mod_101	u_num_mod_251	u_num_mod_1009	u_lcd_mod_17	u_lcd_mod_19	u_lcd_mod_29	u_lcd_mod_31	u_lcd_mod_43	u_lcd_mod_59	u_lcd_mod_101	u_lcd_mod_251	u_lcd_mod_1009	code1	code2	code3	code4
0	179	185	187	3	3	4	1	3	12	28	3	14	36	21	218	875	9	17	26	9	42	49	63	152	607	1	14	140	1405
1	278	311	313	3	3	5	1	11	15	12	19	31	58	0	87	902	16	7	7	26	7	56	0	10	688	4	41	415	4159
2	380	438	440	3	3	6	1	7	7	10	25	33	42	39	44	648	4	2	1	13	13	8	16	132	935	1	15	159	1592
3	478	562	563	3	3	7	1	5	16	6	28	1	33	34	104	86	15	10	18	22	3	40	1	61	258	5	59	592	5926
4	574	682	684	3	3	8	1	7	18	5	18	38	52	15	228	392	4	16	15	23	28	38	45	182	167	9	92	926	9265
5	674	807	808	3	3	9	1	1	11	3	7	30	32	58	125	908	3	14	9	21	4	37	73	124	706	2	26	265	2653
6	766	924	930	87	3*29	10	1	1	17	7	24	28	0	83	186	1001	2	16	0	11	28	0	50	118	313	6	65	653	6535
7	863	1046	1052	57	3*19	11	1	5	13	3	24	32	25	18	24	630	13	0	26	4	18	9	16	113	595	5	53	535	5358
8	964	1172	1173	3	3	12	1	9	5	22	25	27	52	42	72	397	10	15	8	13	38	38	25	216	182	3	35	358	3589
9	1054	1286	1288	3	3	13	1	14	9	6	25	2	30	93	121	941	8	8	18	13	6	31	77	112	805	5	58	589	5897
10	1153	1410	1412	3	3	14	1	3	1	0	12	31	45	1	124	399	9	3	0	5	7	17	3	121	188	8	89	897	8979
11	1254	1536	1537	3	3	15	1	5	5	24	2	17	2	14	76	26	15	15	14	6	8	6	42	228	78	9	97	979	9793
12	1351	1657	1659	3	3	16	1	16	16	17	30	36	31	56	77	848	14	10	22	28	22	34	67	231	526	7	79	793	7932
13	1447	1778	1780	3	3	17	1	15	6	18	29	2	18	32	73	248	11	18	25	25	6	54	96	219	744	9	93	932	9323
14	1539	1894	1896	3	3	18	1	14	17	25	11	7	17	84	0	163	8	13	17	2	21	51	50	0	489	3	32	323	3238
15	1640	2020	2022	3	3	19	1	8	10	1	15	19	27	64	70	67	7	11	3	14	14	22	91	210	201	2	23	238	2384
16	1736	2141	2143	3	3	20	1	7	1	15	12	14	48	95	247	41	4	3	16	5	42	26	83	239	123	3	38	384	3846
17	1833	2262	2264	3	3	21	1	12	12	14	25	23	28	39	130	369	2	17	13	13	26	25	16	139	98	8	84	846	8462
18	1927	2381	2382	3	3	22	1	11	7	24	16	27	38	98	117	117	16	2	14	17	38	55	92	100	351	4	46	462	4626
19	2015	2494	2495	3	3	23	1	5	7	12	13	4	23	72	189	59	15	2	7	8	12	10	14	65	177	6	62	626	6264
20	2122	2625	2626	3	3	24	1	16	11	6	22	27	37	6	57	496	14	14	18	4	38	52	18	171	479	2	26	264	2643
21	2218	2745	2747	3	3	25	1	2	11	11	8	30	12	67	241	674	6	14	4	24	4	36	100	221	4	6	64	643	6433
22	2312	2864	2866	3	3	26	1	7	2	16	22	34	7	1	109	188	4	6	19	4	16	21	3	76	564	4	43	433	4338
23	2410	2987	2989	3	3	27	1	8	6	14	10	25	1	19	37	333	7	18	13	30	32	3	57	111	999	3	33	338	3383
24	2504	3106	3107	3	3	28	1	10	15	2	27	7	54	88	124	1004	13	7	6	19	21	44	62	121	994	3	38	383	3832
25	2602	3229	3230	3	3	29	1	3	6	27	30	37	33	38	49	675	9	18	23	28	25	40	13	147	7	8	83	832	8327
26	2696	3347	3349	3	3	30	1	9	2	28	21	34	53	60	57	429	10	6	26	1	16	41	79	171	278	3	32	327	3279
27	2795	3470	3472	3	3	31	1	7	13	9	15	13	2	27	127	199	4	1	27	14	39	6	81	130	597	2	27	279	2795
28	2891	3591	3592	3	3	32	1	3	18	15	30	33	16	38	177	517	9	16	16	28	13	48	13	29	542	7	79	795	7950
29	2985	3709	3711	3	3	33	1	4	9	12	3	42	17	52	12	598	12	8	7	9	40	51	55	36	785	9	95	950	9502
30	3083	3832	3834	3	3	34	1	1	1	14	5	32	52	11	171	629	3	3	13	15	10	38	33	11	878	5	50	502	5028
31	3179	3953	3954	3	3	35	1	6	8	15	3	40	20	5	13	202	1	5	16	9	34	1	15	39	606	0	2	28	288
32	3275	4073	4075	3	3	36	1	2	5	26	30	1	39	20	44	286	6	15	20	28	3	58	60	132	858	2	28	288	2884
33	3371	4194	4196	3	3	37	1	16	14	4	22	32	21	32	119	209	14	4	12	4	10	4	96	106	627	8	88	884	8841
34	3463	4310	4312	3	3	38	1	6	10	12	9	33	47	81	35	483	1	11	7	27	13	23	41	105	440	8	84	841	8419
35	3561	4433	4435	3	3	39	1	11	6	11	9	20	16	19	217	653	16	18	4	27	17	48	57	149	950	4	41	419	4197
36	3659	4556	4558	3	3	40	1	12	12	21	9	20	27	66	3	1004	2	17	5	27	17	22	97	9	994	1	19	197	1971
37	3755	4677	4678	3	3	41	1	9	12	5	23	17	46	93	124	787	10	17	15	7	8	20	77	121	343	9	97	971	9716
38	3852	4797	4799	3	3	42	1	6	4	24	16	2	37	40	207	108	1	12	14	17	6	52	19	119	324	7	71	716	7169
39	3943	4913	4915	3	3	43	1	15	8	6	15	33	53	67	178	747	11	5	18	14	13	41	100	32	223	1	16	169	1693
40	4039	5034	5040	87	3*29	44	1	5	15	5	24	40	52	61	186	295	10	13	0	11	40	40	55	118	440	6	69	693	6939
41	4140	5159	5161	3	3	45	1	6	1	24	20	3	28	53	210	53	1	3	14	29	9	25	58	128	159	9	93	939	9399
42	4236	5280	5281	3	3	46	1	13	13	16	15	33	32	24	150	847	5	1	19	14	13	37	72	199	523	3	39	399	3993
43	4329	5398	5400	3	3	47	1	5	0	13	17	1	31	67	81	747	15	0	10	20	3	34	100	243	223	9	99	993	9937
44	4425	5518	5520	3	3	48	1	15	9	17	26	24	52	19	57	504	11	8	22	16	29	38	57	171	503	9	93	937	9375
45	4524	5641	5643	3	3	49	1	12	6	10	20	37	56	12	152	209	2	18	1	29	25	50	36	205	627	3	37	375	3751
46	4620	5762	5764	3	3	50	1	2	6	22	1	29	24	16	49	394	6	18	8	3	1	13	48	147	173	7	75	751	7510
47	4713	5880	5882	3	3	51	1	6	4	25	16	23	3	93	104	305	1	12	17	17	26	9	77	61	915	5	51	510	5105
48	4812	6003	6005	3	3	52	1	7	18	22	30	1	23	85	105	959	4	16	8	28	3	10	53	64	859	1	10	105	1058
49	4905	6121	6123	3	3	53	1	16	18	27	30	24	7	78	17	55	14	16	23	28	29	21	32	51	165	0	5	58	582
50	5004	6244	6246	3	3	54	1	1	15	24	1	4	47	2	225	714	3	7	14	3	12	23	6	173	124	5	58	582	5820
51	5097	6362	6364	3	3	55	1	1	14	12	1	33	4	83	140	793	3	4	7	3	13	12	47	169	361	8	82	820	8209
52	5196	6485	6487	3	3	56	1	4	15	12	4	9	33	46	10	246	12	7	7	12	27	40	37	30	738	2	20	209	2097
53	5291	6606	6607	3	3	57	1	11	2	13	2	4	26	47	119	989	16	6	10	6	12	19	40	106	949	0	9	97	974
54	5385	6724	6726	3	3	58	1	3	9	1	6	27	40	72	79	397	9	8	3	18	38	2	14	237	182	9	97	974	9749
55	5483	6847	6848	3	3	59	1	5	12	4	0	16	11	38	23	365	15	17	12	0	5	33	13	69	86	7	74	749	7494
56	5579	6967	6969	3	3	60	1	1	6	10	14	11	26	4	193	173	3	18	1	11	33	19	12	77	519	4	49	494	4944
57	5675	7088	7090	3	3	61	1	13	12	3	5	5	16	13	197	540	5	17	9	15	15	48	39	89	611	9	94	944	9445
58	5771	7208	7210	3	3	62	1	0	18	13	15	34	19	42	52	269	0	16	10	14	16	57	25	156	807	4	44	445	4459
59	5855	7316	7318	3	3	63	1	13	5	11	8	25	6	63	157	774	5	15	4	24	32	18	88	220	304	4	45	459	4592
60	5961	7447	7449	3	3	64	1	6	7	19	15	23	36	21	42	673	1	2	28	14	26	49	63	126	1	5	59	592	5923
61	6059	7570	7572	3	3	65	1	7	14	13	4	29	49	54	65	135	4	4	10	12	1	29	61	195	405	9	92	923	9230
62	6155	7691	7692	3	3	66	1	14	11	18	3	2	41	63	68	555	8	14	25	9	6	5	88	204	656	2	23	230	2307
63	6251	7811	7813	3	3	67	1	15	18	10	24	41	53	96	36	276	11	16	1	10	37	41	86	108	828	3	30	307	3078
64	6338	7923	7929	57	3*19	68	1	7	15	28	14	21	56	30	189	380	8	0	1	23	36	6	94	231	471	0	7	78	781
65	6443	8052	8054	3	3	69	1	11	5	15	30	29	40	48	202	344	16	15	16	28	1	2	43	104	23	7	78	781	7816
66	6539	8173	8174	3	3	70	1	1	4	0	17	14	23	0	208	631	3	12	0	20	42	10	0	122	884	8	81	816	8164
67	6635	8293	8295	3	3	71	1	9	6	14	13	20	0	20	231	750	10	18	13	8	17	0	60	191	232	1	16	164	1640
68	6728	8411	8413	3	3	72	1	4	1	23	2	20	3	20	233	898	12	3	11	6	17	9	60	197	676	6	64	640	6406
69	6824	8532	8533	3	3	73	1	11	7	25	7	37	44	17	94	71	16	2	17	21	25	14	51	31	213	4	40	406	4062
70	6923	8655	8656	3	3	74	1	7	6	11	21	12	3	3	208	978	4	18	4	1	36	9	9	122	916	0	6	62	628
71	7019	8775	8777	3	3	75	1	5	7	5	23	5	56	71	111	773	15	2	15	7	15	50	11	82	301	6	62	628	6286
72	7110	8891	8892	3	3	76	1	15	8	9	28	42	4	3	213	534	11	5	27	22	40	12	9	137	593	2	28	286	2862
73	7210	9016	9018	3	3	77	1	1	1	16	10	8	15	30	243	837	3	3	19	30	24	45	90	227	493	8	86	862	8620
74	7299	9129	9136	87	3*29	78	1	7	1	8	27	9	37	42	69	436	14	11	0	24	9	33	18	230	599	6	62	620	6208
75	7402	9257	9259	3	3	79	1	10	16	11	22	28	15	17	55	835	13	10	4	4	41	45	51	165	487	2	20	208	2089
76	7494	9373	9377	15	3*5	80	1	16	4	24	30	10	41	56	198	350	2	3	12	16	21	25	32	209	205	0	8	89	899
77	7594	9498	9500	3	3	81	1	16	11	11	4	35	28	86	92	6	14	14	4	12	19	25	56	25	18	8	89	899	8998
78	7690	9618	9620	3	3	82	1	7	11	26	30	8	4	95	13	692	4	14	20	28	24	12	83	39	58	9	99	998	9986
79	7784	9737	9738	3	3	83	1	1	2	9	8	32	4	0	176	856	3	6	27	24	10	12	0	26	550	9	98	986	9862
80	7882	9859	9861	3	3	84	1	16	6	18	11	5	1	9	78	466	14	18	25	2	15	3	27	234	389	8	86	862	8628
81	7978	9980	9981	3	3	85	1	15	18	13	26	39	15	49	141	408	11	16	10	16	31	45	46	172	215	6	62	628	6280
82	8074	10100	10102	3	3	86	1	10	6	20	2	22	1	58	113	639	13	18	2	6	23	3	73	88	908	2	28	280	2803
83	8170	10221	10222	3	3	87	1	8	10	20	27	6	6	13	170	317	7	11	2	19	18	18	39	8	951	8	80	803	8034
84	8261	10337	10338	3	3	88	1	3	18	11	15	10	23	84	57	184	9	16	4	14	30	10	50	171	552	0	3	34	348
85	8359	10459	10461	3	3	89	1	16	15	1	14	5	26	58	93	204	14	7	3	11	15	19	73	28	612	3	34	348	3482
86	8457	10582	10584	3	3	90	1	4	7	13	9	27	11	61	163	609	12	2	10	27	38	33	82	238	818	4	48	482	4825
87	8553	10703	10704	3	3	91	1	8	1	17	13	18	50	30	122	703	7	3	22	8	11	32	90	115	91	8	82	825	8253
88	8649	10823	10825	3	3	92	1	16	8	19	22	5	44	57	134	841	14	5	28	4	15	14	70	151	505	2	25	253	2534
89	8740	10939	10941	3	3	93	1	13	4	26	13	17	47	72	147	11	5	12	20	8	8	23	14	190	33	5	53	534	5342
90	8841	11064	11066	3	3	94	1	1	14	26	27	24	6	89	192	657	3	4	20	19	29	18	65	74	962	3	34	342	3421
91	8937	11185	11186	3	3	95	1	8	3	24	9	26	55	69	40	118	7	9	14	27	35	47	5	120	354	4	42	421	4211
92	9033	11305	11307	3	3	96	1	16	11	9	2	41	35	39	98	213	14	14	27	6	37	46	16	43	639	2	21	211	2117
93	9124	11421	11422	3	3	97	1	11	2	1	15	41	18	36	50	13	16	6	3	14	37	54	7	150	39	1	11	117	1170
94	9216	11538	11545	201	3*67	98	1	8	1	25	29	2	39	93	9	808	10	11	8	1	15	51	8	52	968	1	17	170	1706
95	9320	11666	11668	3	3	99	1	7	4	20	4	38	48	40	49	918	4	12	2	12	28	26	19	147	736	7	70	706	7067
96	9416	11787	11788	3	3	100	1	3	10	12	12	30	6	34	134	395	9	11	7	5	4	18	1	151	176	0	6	67	679
97	9510	11905	11907	3	3	101	1	4	11	11	17	11	50	24	198	418	12	14	4	20	33	32	72	92	245	6	67	679	6798
98	9608	12028	12029	3	3	102	1	1	1	4	21	38	42	83	231	248	3	3	12	1	28	8	47	191	744	7	79	798	7982
99	9694	12138	12140	3	3	103	1	8	3	5	10	11	19	66	60	54	7	9	15	30	33	57	97	180	162	9	98	982	9821
100	9800	12269	12270	3	3	104	1	2	0	5	11	31	57	19	226	953	6	0	15	2	7	53	57	176	841	8	82	821	8214
101	9894	12387	12388	3	3	105	1	10	9	14	30	26	12	25	144	891	13	8	13	28	35	36	75	181	655	2	21	214	2148
102	9992	12510	12511	3	3	106	1	14	6	12	10	18	58	74	154	483	8	18	7	30	11	56	20	211	440	1	14	148	1480
103	10088	12630	12632	3	3	107	1	4	6	11	14	30	36	66	69	38	12	18	4	11	4	49	97	207	114	4	48	480	4808
104	10181	12748	12750	3	3	108	1	16	4	16	0	26	19	4	105	116	14	12	19	0	35	57	12	64	348	8	80	808	8086
105	10279	12871	12873	3	3	109	1	9	18	3	12	40	29	86	244	722	10	16	9	5	34	28	56	230	148	0	8	86	865
106	10375	12991	12993	3	3	110	1	6	14	22	23	18	6	85	233	629	1	4	8	7	11	18	53	197	878	8	86	865	8651
107	10471	13112	13113	3	3	111	1	1	15	7	9	3	12	7	91	913	3	7	21	27	9	36	21	22	721	6	65	651	6513
108	10562	13227	13234	87	3*29	112	1	5	7	8	26	0	11	68	4	525	10	1	0	30	0	13	58	97	270	5	51	513	5132
109	10658	13348	13350	3	3	113	1	5	12	25	22	30	42	8	236	142	15	17	17	4	4	8	24	206	426	1	13	132	1328
110	10757	13471	13472	3	3	114	1	6	8	23	12	20	0	98	189	362	1	5	11	5	17	0	92	65	77	3	32	328	3282
111	10855	13594	13595	3	3	115	1	8	7	19	12	42	55	77	183	431	7	2	28	5	40	47	29	47	284	2	28	282	2823
112	10951	13714	13716	3	3	116	1	7	12	16	14	31	43	89	237	761	4	17	19	11	7	11	65	209	265	8	82	823	8230
113	11047	13834	13836	3	3	117	1	12	6	19	27	16	19	44	101	72	2	18	28	19	5	57	31	52	216	2	23	230	2306
114	11135	13948	13950	3	3	118	1	6	8	14	11	37	11	36	58	58	1	5	13	2	25	33	7	174	174	3	30	306	3066
115	11238	14075	14077	3	3	119	1	13	18	21	5	29	9	25	209	690	5	16	5	15	1	27	75	125	52	0	6	66	664
116	11334	14196	14197	3	3	120	1	7	7	8	26	10	22	9	42	874	4	2	24	16	30	7	27	126	604	6	66	664	6647
117	11430	14316	14318	3	3	121	1	12	16	17	27	27	0	80	246	607	2	10	22	19	38	0	38	236	812	6	64	647	6470
118	11524	14434	14436	3	3	122	1	7	18	21	27	1	33	58	184	808	4	16	5	19	3	40	73	50	406	4	47	470	4709
119	11620	14555	14556	3	3	123	1	1	6	14	5	34	33	79	65	392	3	18	13	15	16	40	35	195	167	7	70	709	7093
120	11718	14678	14679	3	3	124	1	4	18	15	15	38	5	21	246	873	12	16	16	14	28	15	63	236	601	0	9	93	938
121	11809	14794	14800	57	3*19	125	1	14	15	13	11	27	43	77	131	588	16	0	16	7	34	32	46	188	219	9	93	938	9384
122	11901	14910	14918	177	3*59	126	1	11	10	25	2	19	43	27	0	773	9	3	17	13	9	0	32	0	606	3	38	384	3844
123	12005	15039	15040	3	3	127	1	5	4	9	29	22	49	84	46	502	15	12	27	25	23	29	50	138	497	8	84	844	8446
124	12099	15157	15159	3	3	128	1	7	5	5	13	36	21	37	6	295	4	15	15	8	22	4	10	18	885	4	44	446	4460
125	12197	15280	15281	3	3	129	1	13	5	13	19	39	31	88	90	416	5	15	10	26	31	34	62	19	239	4	46	460	4609
126	12291	15398	15399	3	3	130	1	0	7	26	27	17	26	15	246	314	0	2	20	19	8	19	45	236	942	6	60	609	6095
127	12389	15521	15522	3	3	131	1	2	6	12	7	32	26	64	194	533	6	18	7	21	10	19	91	80	590	0	9	95	955
128	12485	15641	15643	3	3	132	1	13	7	9	4	39	27	42	32	558	5	2	27	12	31	22	25	96	665	9	95	955	9550
129	12578	15759	15761	3	3	133	1	15	2	27	26	16	7	59	242	966	11	6	23	16	5	21	76	224	880	5	55	550	5505
130	12677	15882	15883	3	3	134	1	14	1	16	25	7	18	35	127	50	8	3	19	13	21	54	4	130	150	5	50	505	5058
131	12772	16002	16004	3	3	135	1	15	12	21	25	3	42	22	32	690	11	17	5	13	9	8	66	96	52	0	5	58	582
132	12868	16123	16124	3	3	136	1	10	16	21	5	16	3	69	236	64	13	10	5	15	5	9	5	206	192	5	58	582	5822
133	12964	16243	16245	3	3	137	1	11	5	28	15	27	57	10	243	410	16	15	26	14	38	53	30	227	221	8	82	822	8223
134	13053	16357	16358	3	3	138	1	3	1	23	6	26	47	96	69	943	9	3	11	18	35	23	86	207	811	2	22	223	2231
135	13151	16479	16481	3	3	139	1	16	5	22	24	10	47	43	144	226	14	15	8	10	30	23	28	181	678	2	23	231	2317
136	13252	16604	16606	3	3	140	1	3	10	4	18	6	47	66	42	572	9	11	12	23	18	23	97	126	707	3	31	317	3172
137	13348	16725	16726	3	3	141	1	4	6	6	25	34	47	10	10	384	12	18	18	13	16	23	30	30	143	1	17	172	1725
138	13444	16845	16847	3	3	142	1	7	18	5	15	35	27	49	196	82	4	16	15	14	19	22	46	86	246	7	72	725	7253
139	13527	16953	16955	3	3	143	1	7	7	0	5	10	32	65	34	580	4	2	0	15	30	37	94	102	731	2	25	253	2535
140	13635	17086	17088	3	3	144	1	1	10	24	9	42	31	57	40	717	3	11	14	27	40	34	70	120	133	5	53	535	5359
141	13731	17207	17208	3	3	145	1	1	13	13	7	9	42	75	1	336	3	1	10	21	27	8	23	3	1008	3	35	359	3594
142	13822	17322	17329	87	3*29	146	1	1	17	10	24	34	5	67	203	526	2	16	0	11	34	22	72	91	357	5	59	594	5940
143	13921	17445	17447	3	3	147	1	2	9	21	29	8	16	19	199	976	6	8	5	25	24	48	57	95	910	9	94	940	9408
144	14016	17565	17567	3	3	148	1	12	4	20	3	1	9	81	160	789	2	12	2	9	3	27	41	229	349	4	40	408	4081
145	14115	17688	17690	3	3	149	1	16	8	20	10	18	56	42	125	516	14	5	2	30	11	50	25	124	539	0	8	81	812
146	14211	17809	17810	3	3	150	1	7	5	3	9	10	9	13	92	590	4	15	9	27	30	27	39	25	761	8	81	812	8128
147	14304	17927	17928	3	3	151	1	1	18	17	0	17	42	75	147	778	3	16	22	0	8	8	23	190	316	1	12	128	1284
148	14402	18049	18051	3	3	152	1	16	3	3	1	41	21	59	136	499	14	9	9	3	37	4	76	157	488	2	28	284	2848
149	14496	18168	18169	3	3	153	1	3	6	7	20	22	22	60	206	536	9	18	21	29	23	7	79	116	599	8	84	848	8481
150	14594	18290	18292	3	3	154	1	10	12	4	0	29	28	70	203	103	13	17	12	0	1	25	8	107	309	4	48	481	4811
151	14688	18408	18410	3	3	155	1	5	10	15	3	19	51	71	224	401	15	11	16	9	14	35	11	170	194	8	81	811	8111
152	14786	18531	18533	3	3	156	1	7	4	9	15	16	33	71	129	317	4	12	27	14	5	40	11	136	951	1	11	111	1117
153	14882	18652	18653	3	3	157	1	12	10	17	16	13	47	49	123	460	2	11	22	17	39	23	46	118	371	1	11	117	1174
154	14975	18770	18771	3	3	158	1	11	11	23	29	26	21	21	236	142	16	14	11	25	35	4	63	206	426	1	17	174	1745
155	15073	18892	18894	3	3	159	1	8	1	20	3	41	57	80	121	273	7	3	2	9	37	53	38	112	819	7	74	745	7450
156	15169	19013	19014	3	3	160	1	16	13	2	2	35	26	74	29	33	14	1	6	6	19	19	20	87	99	4	45	450	4502
157	15265	19133	19135	3	3	161	1	2	0	8	25	24	45	29	119	936	6	0	24	13	29	17	87	106	790	5	50	502	5028
158	15361	19254	19255	3	3	162	1	1	7	22	28	24	12	27	161	772	3	2	8	22	29	36	81	232	298	0	2	28	284
159	15452	19369	19371	3	3	163	1	1	1	12	16	27	2	83	179	280	3	3	7	17	38	6	47	35	840	2	28	284	2841
160	15550	19492	19494	3	3	164	1	10	5	25	20	27	18	41	112	269	13	15	17	29	38	54	22	85	807	8	84	841	8410
161	15649	19615	19616	3	3	165	1	3	1	5	14	18	53	58	199	529	9	3	15	11	11	41	73	95	578	4	41	410	4102
162	15744	19735	19737	3	3	166	1	11	18	7	22	19	7	63	210	304	16	16	21	4	14	21	88	128	912	1	10	102	1027
163	15840	19856	19857	3	3	167	1	7	14	17	25	6	28	33	226	821	4	4	22	13	18	25	99	176	445	0	2	27	270
164	15931	19972	19973	3	3	168	1	11	12	20	1	15	14	40	172	508	16	17	2	3	2	42	19	14	515	2	27	270	2701
165	16032	20097	20098	3	3	169	1	3	13	4	21	42	9	4	151	22	9	1	12	1	40	27	12	202	66	7	70	701	7019
166	16128	20217	20219	3	3	170	1	1	15	22	2	1	30	97	27	836	3	7	8	6	3	31	89	81	490	0	1	19	193
167	16224	20337	20339	3	3	171	1	6	2	5	30	27	3	72	117	640	1	6	15	28	38	9	14	100	911	1	19	193	1938
168	16317	20455	20457	3	3	172	1	14	9	5	12	15	29	65	116	305	8	8	15	5	2	28	94	97	915	9	93	938	9385
169	16413	20576	20577	3	3	173	1	10	10	27	24	0	10	51	87	613	13	11	23	10	0	30	52	10	830	3	38	385	3852
170	16511	20699	20700	3	3	174	1	14	6	15	15	23	13	95	208	992	8	18	16	14	26	39	83	122	958	8	85	852	8521
171	16607	20819	20821	3	3	175	1	4	12	18	12	27	23	7	33	116	12	17	25	5	38	10	21	99	348	5	52	521	5211
172	16701	20937	20939	3	3	176	1	16	15	27	5	3	20	23	11	738	14	7	23	15	9	1	69	33	196	2	21	211	2110
173	16799	21060	21061	3	3	177	1	9	7	6	18	29	1	2	45	319	10	2	18	23	1	3	6	135	957	1	11	110	1105
174	16892	21178	21180	3	3	178	1	8	7	23	7	21	31	39	93	471	7	2	11	21	20	34	16	28	404	1	10	105	1055
175	16991	21301	21302	3	3	179	1	1	14	21	22	6	24	24	184	170	3	4	5	4	18	13	72	50	510	0	5	55	555
176	17077	21411	21420	489	3*163	180	1	8	4	28	25	26	52	53	49	241	2	18	4	11	29	58	61	116	805	5	55	555	5559
177	17182	21541	21543	3	3	181	1	6	18	1	17	22	2	54	61	867	1	16	3	20	23	6	61	183	583	5	55	559	5596
178	17266	21650	21656	57	3*19	182	1	15	17	27	11	1	12	23	248	68	5	0	2	7	14	35	99	80	849	5	59	596	5964
179	17372	21780	21782	3	3	183	1	5	1	13	27	19	5	9	176	778	15	3	10	19	14	15	27	26	316	9	96	964	9644
180	17470	21903	21904	3	3	184	1	7	4	21	30	34	42	67	140	711	4	12	5	28	16	8	100	169	115	6	64	644	6446
181	17566	22023	22025	3	3	185	1	12	6	11	12	31	44	35	199	179	2	18	4	5	7	14	4	95	537	4	44	446	4462
182	17662	22144	22145	3	3	186	1	2	5	27	15	21	25	70	46	417	6	15	23	14	20	16	8	138	242	4	46	462	4622
183	17757	22264	22266	3	3	187	1	13	16	0	30	33	29	59	107	747	5	10	0	28	13	28	76	70	223	6	62	622	6229
184	17849	22380	22381	3	3	188	1	3	1	16	13	34	56	27	45	104	9	3	19	8	16	50	81	135	312	2	22	229	2294
185	17947	22502	22504	3	3	189	1	16	9	13	1	39	24	10	250	195	14	8	10	3	31	13	30	248	585	2	29	294	2948
186	18045	22625	22627	3	3	190	1	1	10	17	3	7	32	64	194	415	3	11	22	9	21	37	91	80	236	9	94	948	9489
187	18141	22746	22747	3	3	191	1	5	1	2	30	20	53	95	190	987	15	3	6	28	17	41	83	68	943	4	48	489	4895
188	18237	22866	22868	3	3	192	1	4	12	4	22	5	33	10	104	363	12	17	12	4	15	40	30	61	80	8	89	895	8954
189	18328	22982	22983	3	3	193	1	12	9	7	9	37	1	86	191	238	2	8	21	27	25	3	56	71	714	9	95	954	9549
190	18428	23107	23108	3	3	194	1	15	5	25	14	37	21	26	55	527	11	15	17	11	25	4	78	165	572	5	54	549	5493
191	18524	23227	23229	3	3	195	1	5	11	12	9	25	38	61	28	792	15	14	7	27	32	55	82	84	358	4	49	493	4930
192	18620	23348	23349	3	3	196	1	1	11	1	23	31	29	9	66	432	3	14	3	7	7	28	27	198	287	9	93	930	9303
193	18714	23466	23467	3	3	197	1	6	2	14	28	27	46	77	102	995	1	6	13	22	38	20	29	55	967	3	30	303	3038
194	18810	23586	23588	3	3	198	1	0	5	10	13	25	1	41	144	114	0	15	1	8	32	3	22	181	342	0	3	38	381
195	18908	23709	23710	3	3	199	1	2	18	8	14	9	9	12	185	851	6	16	24	11	27	27	36	53	535	3	38	381	3819
196	19004	23829	23831	3	3	200	1	13	6	19	20	33	8	30	165	223	5	18	28	29	13	24	90	244	669	8	81	819	8196
197	19095	23945	23947	3	3	201	1	3	8	23	13	14	1	8	179	116	9	5	11	8	42	3	24	35	348	1	19	196	1964
198	19195	24070	24072	3	3	202	1	14	13	11	23	40	19	76	163	495	8	1	4	7	34	57	26	238	476	9	96	964	9644
199	19289	24188	24190	3	3	203	1	3	15	4	26	25	40	53	46	508	9	7	12	16	32	2	58	138	515	6	64	644	6442
200	19387	24311	24312	3	3	204	1	10	7	8	20	21	39	80	44	852	13	2	24	29	20	58	38	132	538	4	44	442	4428
201	19478	24427	24430	15	3*5	205	1	12	16	25	5	20	35	52	183	833	10	12	27	13	42	53	73	235	387	4	42	428	4288
202	19579	24552	24553	3	3	206	1	1	8	16	18	13	25	48	57	327	3	5	19	23	39	16	43	171	981	2	28	288	2881
203	19675	24672	24674	3	3	207	1	9	5	28	30	24	8	100	116	820	10	15	26	28	29	24	98	97	442	8	88	881	8810
204	19768	24790	24792	3	3	208	1	4	18	12	30	34	29	85	190	990	12	16	7	28	16	28	53	68	952	8	81	810	8109
205	19866	24913	24914	3	3	209	1	4	3	10	1	14	38	69	215	515	12	9	1	3	42	55	5	143	536	1	10	109	1097
206	19962	25033	25035	3	3	210	1	7	11	6	5	20	27	17	3	616	4	14	18	15	17	22	51	9	839	0	9	97	975
207	20058	25154	25155	3	3	211	1	5	12	25	4	39	50	67	26	509	15	17	17	12	31	32	100	78	518	9	97	975	9756
208	20154	25274	25276	3	3	212	1	1	12	3	2	28	53	69	232	735	3	17	9	6	41	41	5	194	187	7	75	756	7566
209	20240	25385	25391	87	3*29	213	1	14	14	24	18	3	2	24	232	268	11	2	0	16	3	56	68	104	109	5	56	566	5665
210	20343	25512	25514	3	3	214	1	16	2	23	0	15	26	51	61	640	14	6	11	0	2	19	52	183	911	6	66	665	6659
211	20441	25635	25637	3	3	215	1	10	17	22	14	2	39	16	6	468	13	13	8	11	6	58	48	18	395	6	65	659	6593
212	20531	25749	25757	219	3*73	216	1	12	6	21	23	12	34	22	240	550	10	3	17	15	5	12	71	101	379	5	59	593	5933
213	20633	25876	25878	3	3	217	1	16	13	0	15	32	49	16	162	628	14	1	0	14	10	29	48	235	875	9	93	933	9334
214	20724	25992	25993	3	3	218	1	3	0	23	21	21	47	82	221	222	9	0	11	1	20	23	44	161	666	3	33	334	3344
215	20825	26117	26118	3	3	219	1	5	7	17	13	32	0	76	194	755	15	2	22	8	10	0	26	80	247	3	34	344	3446
216	20921	26237	26239	3	3	220	1	16	6	18	4	28	24	81	55	83	14	18	25	12	41	13	41	165	249	4	44	446	4461
217	21016	26358	26359	3	3	221	1	15	6	16	3	20	36	21	18	367	11	18	19	9	17	49	63	54	92	4	46	461	4612
218	21100	26465	26467	3	3	222	1	14	17	1	28	29	42	95	51	924	8	13	3	22	1	8	83	153	754	6	61	612	6128
219	21206	26596	26598	3	3	223	1	5	15	3	28	9	33	50	58	903	15	7	9	22	27	40	49	174	691	1	12	128	1284
220	21304	26719	26720	3	3	224	1	7	14	14	30	25	26	59	227	649	4	4	13	28	32	19	76	179	938	2	28	284	2847
221	21400	26839	26841	3	3	225	1	12	15	4	17	40	42	46	219	485	2	7	12	20	34	8	37	155	446	8	84	847	8475
222	21493	26957	26959	3	3	226	1	11	14	26	15	23	15	83	217	668	16	4	20	14	26	45	47	149	995	4	47	475	4756
223	21592	27080	27082	3	3	227	1	8	15	6	10	19	3	21	12	214	7	7	18	30	14	9	63	36	642	7	75	756	7564
224	21685	27198	27200	3	3	228	1	10	8	8	7	41	21	64	247	814	13	5	24	21	37	4	91	239	424	5	56	564	5648
225	21783	27321	27322	3	3	229	1	2	7	22	21	24	35	11	150	299	6	2	8	1	29	46	33	199	897	6	64	648	6482
226	21877	27439	27440	3	3	230	1	7	10	26	17	6	18	82	195	423	4	11	20	20	18	54	44	83	260	4	48	482	4823
227	21975	27562	27563	3	3	231	1	8	6	10	18	42	4	41	235	754	7	18	1	23	40	12	22	203	244	8	82	823	8233
228	22071	27682	27684	3	3	232	1	16	12	27	10	33	28	9	55	396	14	17	23	30	13	25	27	165	179	2	23	233	2337
229	22164	27800	27802	3	3	233	1	4	15	28	8	30	24	40	224	700	12	7	26	24	4	13	19	170	82	3	33	337	3378
230	22262	27923	27924	3	3	234	1	11	7	9	22	21	13	8	168	695	16	2	27	4	20	39	24	2	67	3	37	378	3786
231	22358	28043	28045	3	3	235	1	7	16	15	6	6	15	24	183	98	4	10	16	18	18	45	72	47	294	7	78	786	7867
232	22454	28164	28165	3	3	236	1	3	14	2	4	7	55	80	213	809	9	4	6	12	21	47	38	137	409	8	86	867	8678
233	22550	28284	28286	3	3	237	1	3	11	14	30	33	9	95	201	931	9	14	13	28	13	27	83	101	775	6	67	678	6783
234	22641	28400	28401	3	3	238	1	15	3	18	14	36	0	98	57	231	11	9	25	11	22	0	92	171	693	7	78	783	7831
235	22735	28518	28524	57	3*19	239	1	4	11	25	21	28	5	57	112	270	7	0	4	19	5	49	17	109	255	8	83	831	8316
236	22838	28645	28647	3	3	240	1	2	5	4	26	35	49	35	123	160	6	15	12	16	19	29	4	118	480	3	31	316	3165
237	22933	28766	28767	3	3	241	1	16	4	10	2	25	25	98	244	786	14	12	1	6	32	16	92	230	340	1	16	165	1652
238	23029	28886	28887	3	3	242	1	14	6	26	27	41	56	64	142	211	8	18	20	19	37	50	91	175	633	6	65	652	6527
239	23118	28999	29001	3	3	243	1	12	16	12	3	27	2	47	79	545	2	10	7	9	38	6	40	237	626	5	52	527	5271
240	23221	29127	29128	3	3	244	1	12	16	5	8	10	27	0	26	829	2	10	15	24	30	22	0	78	469	2	27	271	2712
241	23317	29247	29249	3	3	245	1	9	6	24	9	19	48	65	240	335	10	18	14	27	14	26	94	218	1005	7	71	712	7120
242	23413	29367	29369	3	3	246	1	6	7	5	13	39	51	35	13	491	1	2	15	8	31	35	4	39	464	1	12	120	1201
243	23501	29481	29487	87	3*29	247	1	2	4	26	4	22	33	48	115	351	4	6	0	7	22	39	35	216	267	2	20	201	2019
244	23602	29606	29608	3	3	248	1	12	4	28	3	24	10	29	189	334	2	12	26	9	29	30	87	65	1002	0	1	19	190
245	23700	29729	29730	3	3	249	1	6	12	16	27	35	31	59	19	827	1	17	19	19	19	34	76	57	463	1	19	190	1909
246	23796	29849	29851	3	3	250	1	13	16	7	9	8	37	41	157	865	5	10	21	27	24	52	22	220	577	9	90	909	9091
247	23890	29967	29969	3	3	251	1	5	1	17	19	41	54	12	6	568	15	3	22	26	37	44	36	18	695	0	9	91	914
248	23988	30090	30091	3	3	252	1	7	11	10	3	29	0	92	124	375	4	14	1	9	1	0	74	121	116	9	91	914	9145
249	24081	30208	30209	3	3	253	1	16	6	16	21	1	4	65	235	583	14	18	19	1	3	12	94	203	740	1	14	145	1456
250	24179	30331	30332	3	3	254	1	2	10	9	4	17	4	34	8	538	6	11	27	12	8	12	1	24	605	4	45	456	4564
251	24273	30449	30450	3	3	255	1	6	5	16	21	16	57	90	173	256	1	15	19	1	5	53	68	17	768	5	56	564	5648
252	24371	30571	30573	3	3	256	1	7	18	19	23	35	25	0	10	957	4	16	28	7	19	16	0	30	853	6	64	648	6485
253	24467	30692	30693	3	3	257	1	12	6	24	21	22	8	7	101	617	2	18	14	1	23	24	21	52	842	4	48	485	4856
254	24560	30810	30811	3	3	258	1	7	2	12	3	14	12	94	72	470	4	6	7	9	42	36	80	216	401	8	85	856	8566
255	24659	30933	30934	3	3	259	1	5	13	12	11	12	50	11	188	478	15	1	7	2	36	32	33	62	425	5	56	566	5669
256	24754	31053	31055	3	3	260	1	4	18	13	26	0	52	79	130	519	12	16	10	16	0	38	35	139	548	6	66	669	6692
257	24850	31173	31175	3	3	261	1	11	7	5	10	37	54	26	215	49	16	2	15	30	25	44	78	143	147	6	69	692	6923
258	24938	31286	31287	3	3	262	1	15	7	13	26	34	14	16	70	329	11	2	10	16	16	42	48	210	987	9	92	923	9234
259	25030	31403	31404	3	3	263	1	4	3	11	0	4	18	20	95	630	12	9	4	0	12	54	60	34	881	2	23	234	2346
260	25129	31525	31527	3	3	264	1	4	7	2	21	8	37	85	161	617	12	2	6	1	24	52	53	232	842	3	34	346	3460
261	25234	31655	31657	3	3	265	1	13	14	13	23	11	37	17	159	392	5	4	10	7	33	52	51	226	167	4	46	460	4603
262	25330	31775	31777	3	3	266	1	0	3	11	9	38	45	17	63	449	0	9	4	27	28	17	51	189	338	6	60	603	6034
263	25425	31896	31897	3	3	267	1	2	11	8	10	0	56	85	230	662	6	14	24	30	0	50	53	188	977	0	3	34	348
264	25517	32011	32013	3	3	268	1	8	2	4	22	31	22	47	55	708	7	6	12	4	7	7	40	165	106	3	34	348	3486
265	25617	32136	32138	3	3	269	1	7	12	18	29	39	28	83	64	907	4	17	25	25	31	25	47	192	703	4	48	486	4861
266	25713	32257	32258	3	3	270	1	14	4	10	12	40	51	85	158	168	8	12	1	5	34	35	53	223	504	8	86	861	8610
267	25809	32377	32379	3	3	271	1	15	10	18	14	34	38	6	87	88	11	11	25	11	16	55	18	10	264	6	61	610	6104
268	25902	32495	32497	3	3	272	1	2	11	3	24	31	23	14	105	222	6	14	9	10	7	10	42	64	666	1	10	104	1045
269	25992	32609	32617	249	3*83	273	1	4	6	0	19	38	10	83	243	46	10	12	0	19	2	12	63	16	355	0	4	45	454
270	26096	32738	32740	3	3	274	1	1	13	14	5	41	30	74	166	913	3	1	13	15	37	31	20	247	721	4	45	454	4543
271	26192	32859	32860	3	3	275	1	9	0	28	26	33	10	90	172	594	10	0	26	16	13	30	68	14	773	5	54	543	5432
272	26286	32977	32978	3	3	276	1	4	9	25	24	13	3	90	5	398	12	8	17	10	39	9	68	15	185	4	43	432	4326
273	26384	33100	33101	3	3	277	1	4	6	11	11	29	4	93	226	184	12	18	4	2	1	12	77	176	552	3	32	326	3266
274	26477	33218	33219	3	3	278	1	15	5	1	5	15	13	14	149	65	11	15	3	15	2	39	42	196	195	2	26	266	2664
275	26576	33340	33342	3	3	279	1	5	1	22	15	8	28	12	223	608	15	3	8	14	24	25	36	167	815	6	66	664	6648
276	26669	33458	33460	3	3	280	1	7	15	9	17	22	19	55	33	649	4	7	27	20	23	57	64	99	938	6	64	648	6482
277	26762	33576	33583	87	3*29	281	1	10	9	15	15	8	57	19	152	295	3	4	0	3	8	3	37	172	440	4	48	482	4821
278	26863	33702	33703	3	3	282	1	12	15	11	29	37	46	8	34	198	2	7	4	25	25	20	24	102	594	8	82	821	8213
279	26957	33820	33821	3	3	283	1	2	14	4	13	14	49	86	209	347	6	4	12	8	42	29	56	125	32	2	21	213	2133
280	27055	33942	33944	3	3	284	1	9	15	11	19	29	54	86	96	950	10	7	4	26	1	44	56	37	832	1	13	133	1339
281	27151	34063	34064	3	3	285	1	16	2	26	11	5	53	96	193	133	14	6	20	2	15	41	86	77	399	3	33	339	3393
282	27246	34183	34185	3	3	286	1	7	7	16	7	36	20	45	174	349	4	2	19	21	22	1	34	20	38	3	39	393	3936
283	27342	34303	34305	3	3	287	1	5	12	18	4	19	40	19	145	674	15	17	25	12	14	2	57	184	4	9	93	936	9360
284	27433	34419	34421	3	3	288	1	2	1	4	30	27	17	80	135	628	6	3	12	28	38	51	38	154	875	3	36	360	3607
285	27532	34542	34544	3	3	289	1	3	10	4	5	38	34	1	123	573	9	11	12	15	28	43	3	118	710	6	60	607	6072
286	27630	34665	34666	3	3	290	1	10	18	20	25	14	19	52	56	237	13	16	2	13	42	57	55	168	711	0	7	72	726
287	27726	34785	34787	3	3	291	1	8	7	14	5	2	51	71	106	59	7	2	13	15	6	35	11	67	177	7	72	726	7260
288	27821	34905	34907	3	3	292	1	7	16	5	15	1	23	57	49	557	4	10	15	14	3	10	70	147	662	2	26	260	2602
289	27913	35021	35023	3	3	293	1	10	15	4	30	21	37	43	128	643	13	7	12	28	20	52	28	133	920	6	60	602	6024
290	28013	35146	35148	3	3	294	1	4	11	17	11	3	46	21	15	63	12	14	22	2	9	20	63	45	189	0	2	24	249
291	28109	35267	35268	3	3	295	1	8	18	19	18	2	51	37	242	947	7	16	28	23	6	35	10	224	823	2	24	249	2491
292	28201	35383	35389	57	3*19	296	1	8	18	22	16	19	36	34	103	427	14	0	7	13	8	46	19	98	123	4	49	491	4914
293	28298	35505	35507	3	3	297	1	14	1	11	3	39	12	99	133	1001	8	3	4	9	31	36	95	148	985	9	91	914	9141
294	28394	35625	35627	3	3	298	1	7	16	28	23	17	15	32	44	1007	4	10	26	7	8	45	96	132	1003	1	14	141	1412
295	28492	35748	35750	3	3	299	1	8	6	9	9	24	23	20	205	71	7	18	27	27	29	10	60	113	213	4	41	412	4127
296	28588	35868	35870	3	3	300	1	16	5	25	7	42	13	30	172	11	14	15	17	21	40	39	90	14	33	1	12	127	1273
297	28682	35987	35988	3	3	301	1	4	7	22	9	17	36	0	187	527	12	2	8	27	8	49	0	59	572	2	27	273	2737
298	28772	36101	36103	3	3	302	1	11	4	7	8	13	3	53	56	86	16	12	21	24	39	9	58	168	258	7	73	737	7372
299	28873	36227	36229	3	3	303	1	15	9	14	3	18	17	59	207	104	11	8	13	9	11	51	76	119	312	3	37	372	3724
300	28972	36350	36352	3	3	304	1	3	10	26	10	2	41	87	75	949	9	11	20	30	6	5	59	225	829	7	72	724	7245
301	29065	36468	36470	3	3	305	1	4	4	24	8	20	28	88	97	3	12	12	14	24	17	25	62	40	9	2	24	245	2458
302	29163	36591	36592	3	3	306	1	1	12	1	0	26	20	71	215	3	3	17	3	0	35	1	11	143	9	4	45	458	4587
303	29259	36711	36713	3	3	307	1	6	16	5	1	33	33	46	141	414	1	10	15	3	13	40	37	172	233	5	58	587	5870
304	29353	36829	36831	3	3	308	1	14	1	14	20	26	19	83	74	624	8	3	13	29	35	57	47	222	863	8	87	870	8700
305	29451	36952	36954	3	3	309	1	16	11	12	0	18	1	27	231	604	14	14	7	0	11	3	81	191	803	7	70	700	7006
306	29547	37072	37074	3	3	310	1	14	11	11	15	30	39	2	152	416	8	14	4	14	4	58	6	205	239	0	0	6	66
307	29642	37193	37194	3	3	311	1	4	10	22	15	38	33	45	198	813	12	11	8	14	28	40	34	92	421	0	6	66	660
308	29738	37313	37315	3	3	312	1	12	6	3	16	6	46	74	23	412	2	18	9	17	18	20	20	69	227	6	66	660	6606
309	29829	37429	37430	3	3	313	1	16	3	9	12	20	29	13	19	454	14	9	27	5	17	28	39	57	353	6	60	606	6063
310	29928	37552	37553	3	3	314	1	8	5	13	13	7	24	91	204	460	7	15	10	8	21	13	71	110	371	0	6	63	631
311	30021	37669	37676	87	3*29	315	1	10	1	28	30	3	2	16	100	556	3	11	0	6	3	56	79	166	949	6	63	631	6315
312	30122	37795	37796	3	3	316	1	9	13	16	25	17	4	30	242	37	10	1	19	13	8	12	90	224	111	3	31	315	3155
313	30217	37915	37917	3	3	317	1	6	18	28	28	36	3	19	227	9	1	16	26	22	22	9	57	179	27	1	15	155	1558
314	30309	38031	38032	3	3	318	1	8	17	17	16	19	9	15	107	354	7	13	22	17	14	27	45	70	53	5	55	558	5588
315	30409	38156	38157	3	3	319	1	8	1	16	7	3	22	56	180	237	7	3	19	21	9	7	67	38	711	5	58	588	5881
316	30505	38276	38278	3	3	320	1	7	8	19	14	19	27	5	211	698	4	5	28	11	14	22	15	131	76	8	88	881	8817
317	30601	38397	38398	3	3	321	1	12	5	10	22	14	35	50	192	529	2	15	1	4	42	46	49	74	578	8	81	817	8174
318	30694	38515	38516	3	3	322	1	14	18	10	5	39	36	68	237	279	8	16	1	15	31	49	2	209	837	1	17	174	1748
319	30790	38635	38637	3	3	323	1	6	12	19	5	27	48	37	178	241	1	17	28	15	38	26	10	32	723	7	74	748	7488
320	30888	38758	38759	3	3	324	1	7	11	17	21	7	49	33	52	74	4	14	22	1	21	29	99	156	222	4	48	488	4881
321	30984	38878	38880	3	3	325	1	12	12	18	2	27	57	52	65	1002	2	17	25	6	38	53	55	195	988	8	88	881	8815
322	31075	38994	38995	3	3	326	1	15	2	26	26	27	31	3	127	753	11	6	20	16	38	34	9	130	241	8	81	815	8152
323	31176	39119	39120	3	3	327	1	5	4	15	29	41	49	43	113	969	15	12	16	25	37	29	28	88	889	1	15	152	1520
324	31269	39237	39239	3	3	328	1	11	2	3	24	5	40	44	97	3	16	6	9	10	15	2	31	40	9	5	52	520	5209
325	31367	39360	39361	3	3	329	1	11	17	9	15	35	45	17	184	174	16	13	27	14	19	17	51	50	522	2	20	209	2092
326	31459	39475	39479	15	3*5	330	1	4	16	5	29	29	50	90	56	912	9	12	17	1	5	42	37	87	563	0	9	92	920
327	31559	39600	39602	3	3	331	1	5	13	25	25	41	55	9	17	347	15	1	17	13	37	47	27	51	32	9	92	920	9209
328	31655	39721	39722	3	3	332	1	1	0	13	18	13	53	49	63	668	3	0	10	23	39	41	46	189	995	2	20	209	2096
329	31748	39839	39840	3	3	333	1	6	9	26	7	41	50	85	118	391	1	8	20	21	37	32	53	103	164	0	9	96	962
330	31847	39962	39963	3	3	334	1	0	6	12	22	38	51	53	213	893	0	18	7	4	28	35	58	137	661	9	96	962	9628
331	31942	40082	40084	3	3	335	1	2	6	9	8	32	7	8	105	479	6	18	27	24	10	21	24	64	428	6	62	628	6282
332	32038	40202	40204	3	3	336	1	13	1	19	17	40	57	42	196	610	5	3	28	20	34	53	25	86	821	2	28	282	2829
333	32134	40323	40324	3	3	337	1	7	18	16	10	1	1	94	22	532	4	16	19	30	3	3	80	66	587	8	82	829	8292
334	32225	40438	40440	3	3	338	1	6	15	2	24	3	49	31	32	403	1	7	6	10	9	29	93	96	200	2	29	292	2925
335	32324	40561	40563	3	3	339	1	3	3	10	6	36	31	5	41	32	9	9	1	18	22	34	15	123	96	9	92	925	9254
336	32422	40684	40685	3	3	340	1	10	13	28	12	14	38	58	160	959	13	1	26	5	42	55	73	229	859	2	25	254	2540
337	32518	40804	40806	3	3	341	1	11	15	4	15	20	17	21	174	144	16	7	12	14	17	51	63	20	432	5	54	540	5409
338	32605	40917	40918	3	3	342	1	1	14	4	7	24	32	92	132	585	3	4	12	21	29	37	74	145	746	4	40	409	4091
339	32705	41040	41042	3	3	343	1	16	17	28	13	19	14	44	10	105	14	13	26	8	14	42	31	30	315	0	9	91	917
340	32805	41165	41167	3	3	344	1	3	12	6	5	8	39	32	50	712	9	17	18	15	24	58	96	150	118	9	91	917	9171
341	32901	41286	41287	3	3	345	1	4	6	5	3	42	1	16	161	918	12	18	15	9	40	3	48	232	736	1	17	171	1715
342	32997	41406	41408	3	3	346	1	7	12	0	30	3	43	56	236	967	4	17	0	28	9	11	67	206	883	7	71	715	7153
343	33088	41522	41523	3	3	347	1	7	3	23	17	34	26	63	191	17	4	9	11	20	16	19	88	71	51	1	15	153	1536
344	33186	41645	41646	3	3	348	1	7	9	20	14	1	31	20	4	606	4	8	2	11	3	34	60	12	809	5	53	536	5364
345	33279	41762	41769	87	3*29	349	1	10	13	26	24	16	13	93	43	988	3	10	0	11	16	10	11	227	191	3	36	364	3643
346	33380	41888	41889	3	3	350	1	12	14	18	9	37	49	91	158	532	2	4	25	27	25	29	71	223	587	6	64	643	6436
347	33474	42006	42007	3	3	351	1	2	6	20	17	23	47	79	3	1006	6	18	2	20	26	23	35	9	1000	4	43	436	4367
348	33572	42128	42130	3	3	352	1	9	18	20	16	29	49	72	88	942	10	16	2	17	1	29	14	13	808	3	36	367	3678
349	33661	42242	42248	57	3*19	353	1	5	0	4	17	24	13	6	90	578	13	0	25	8	35	33	39	110	658	6	67	678	6789
350	33763	42369	42371	3	3	354	1	7	5	27	14	34	28	45	25	207	4	15	23	11	16	25	34	75	621	7	78	789	7892
351	33857	42487	42489	3	3	355	1	1	16	18	4	18	45	33	8	454	3	10	25	12	11	17	99	24	353	8	89	892	8925
352	33955	42610	42612	3	3	356	1	16	6	6	15	36	10	54	10	586	14	18	18	14	22	30	61	30	749	9	92	925	9259
353	34051	42730	42732	3	3	357	1	15	5	4	23	9	20	21	173	465	11	15	12	7	27	1	63	17	386	2	25	259	2590
354	34144	42848	42850	3	3	358	1	2	7	15	26	18	41	38	2	173	6	2	16	16	11	5	13	6	519	5	59	590	5903
355	34243	42971	42973	3	3	359	1	8	6	9	20	6	45	60	38	247	7	18	27	29	18	17	79	114	741	9	90	903	9036
356	34338	43091	43093	3	3	360	1	7	7	17	1	16	52	19	140	269	4	2	22	3	5	38	57	169	807	0	3	36	360
357	34434	43212	43213	3	3	361	1	12	10	28	18	11	7	83	69	568	2	11	26	23	33	21	47	207	695	3	36	360	3600
358	34530	43332	43334	3	3	362	1	4	1	20	30	5	3	12	147	893	12	3	2	28	15	9	36	190	661	6	60	600	6001
359	34621	43448	43450	3	3	363	1	1	2	14	6	22	33	24	102	630	3	6	13	18	23	40	72	55	881	0	0	1	11
360	34719	43571	43572	3	3	364	1	10	7	19	25	33	40	59	111	255	13	2	28	13	13	2	76	82	765	0	1	11	113
361	34818	43693	43695	3	3	365	1	2	5	22	5	29	38	48	114	887	6	15	8	15	1	55	43	91	643	1	11	113	1133
362	34913	43814	43815	3	3	366	1	1	11	10	4	29	42	95	76	910	3	14	1	12	1	8	83	228	712	1	13	133	1330
363	35009	43934	43936	3	3	367	1	8	11	9	2	2	54	57	47	684	7	14	27	6	6	44	70	141	34	3	33	330	3305
364	35096	44045	44047	3	3	368	1	13	14	13	6	13	24	71	155	54	5	4	10	18	39	13	11	214	162	3	30	305	3053
365	35201	44175	44176	3	3	369	1	3	6	7	0	42	3	8	101	974	9	18	21	0	40	9	24	52	904	0	5	53	530
366	35297	44295	44297	3	3	370	1	11	18	17	14	29	35	95	197	976	16	16	22	11	1	46	83	89	910	5	53	530	5305
367	35393	44416	44417	3	3	371	1	7	6	7	5	14	38	18	135	934	4	18	21	15	42	55	54	154	784	3	30	305	3054
368	35486	44534	44535	3	3	372	1	4	2	24	3	4	36	27	96	997	12	6	14	9	12	49	81	37	973	0	5	54	548
369	35582	44654	44656	3	3	373	1	4	14	16	12	20	58	48	197	171	12	4	19	5	17	56	43	89	513	5	54	548	5488
370	35680	44777	44778	3	3	374	1	1	18	5	13	13	23	65	139	291	3	16	15	8	39	10	94	166	873	4	48	488	4882
371	35776	44897	44899	3	3	375	1	6	7	25	4	12	1	34	96	486	1	2	17	12	36	3	1	37	449	8	88	882	8820
372	35869	45015	45017	3	3	376	1	14	4	27	13	1	36	31	73	478	8	12	23	8	3	49	93	219	425	8	82	820	8204
373	35968	45138	45139	3	3	377	1	16	8	15	24	18	15	81	131	227	14	5	16	10	11	45	41	142	681	2	20	204	2046
374	36061	45256	45258	3	3	378	1	13	1	21	28	36	11	96	115	164	5	3	5	22	22	33	86	94	492	0	4	46	466
375	36159	45379	45380	3	3	379	1	4	14	19	30	15	51	68	105	907	12	4	28	28	2	35	2	64	703	4	46	466	4665
376	36253	45497	45498	3	3	380	1	16	12	7	22	40	32	77	97	888	14	17	21	4	34	37	29	40	646	6	66	665	6652
377	36351	45619	45621	3	3	381	1	9	11	28	13	35	58	17	104	238	10	14	26	8	19	56	51	61	714	6	65	652	6521
378	36439	45732	45733	3	3	382	1	6	8	3	23	14	1	28	247	917	1	5	9	7	42	3	84	239	733	5	52	521	5213
379	36540	45858	45859	3	3	383	1	7	10	11	7	36	28	54	40	112	4	11	4	21	22	25	61	120	336	2	21	213	2138
380	36638	45981	45982	3	3	384	1	9	4	1	21	31	4	11	211	658	10	12	3	1	7	12	33	131	965	1	13	138	1384
381	36725	46092	46103	1527	3*509	385	1	11	7	16	28	30	49	76	2	841	1	11	14	7	15	11	3	42	759	3	38	384	3841
382	36830	46221	46223	3	3	386	1	13	17	7	18	39	36	55	22	611	5	13	21	23	31	49	64	66	824	8	84	841	8414
383	36926	46342	46343	3	3	387	1	8	1	21	10	22	5	54	182	502	7	3	5	30	23	15	61	44	497	4	41	414	4146
384	37015	46455	46457	3	3	388	1	4	15	27	9	20	53	99	135	351	12	7	23	27	17	41	95	154	44	1	14	146	1469
385	37113	46578	46579	3	3	389	1	10	0	15	17	10	20	17	115	734	13	0	16	20	30	1	51	94	184	4	46	469	4695
386	37213	46703	46704	3	3	390	1	2	7	0	6	25	41	31	172	547	6	2	0	18	32	5	93	14	632	6	69	695	6951
387	37309	46823	46825	3	3	391	1	13	6	23	4	27	49	66	216	836	5	18	11	12	38	29	97	146	490	9	95	951	9519
388	37405	46944	46945	3	3	392	1	7	6	7	30	18	38	42	118	100	4	18	21	28	11	55	25	103	300	5	51	519	5194
389	37496	47059	47061	3	3	393	1	10	16	3	14	26	45	47	36	89	13	10	9	11	35	17	40	108	267	1	19	194	1941
390	37597	47184	47186	3	3	394	1	1	18	2	11	38	19	4	243	574	3	16	6	2	28	57	12	227	713	9	94	941	9415
391	37693	47305	47306	3	3	395	1	5	14	4	26	24	49	14	34	269	15	4	12	16	29	29	42	102	807	4	41	415	4151
392	37788	47425	47427	3	3	396	1	4	15	1	2	26	25	10	15	733	12	7	3	6	35	16	30	45	181	1	15	151	1511
393	37882	47543	47545	3	3	397	1	9	14	5	24	34	45	8	165	68	10	4	15	10	16	17	24	244	204	5	51	511	5116
394	37978	47664	47665	3	3	398	1	3	3	14	13	33	33	76	246	673	9	9	13	8	13	40	26	236	1	1	11	116	1160
395	38076	47786	47788	3	3	399	1	5	2	1	8	25	58	13	242	593	15	6	3	24	32	56	39	224	770	1	16	160	1609
396	38172	47907	47908	3	3	400	1	1	7	12	9	38	49	39	149	367	3	2	7	27	28	29	16	196	92	6	60	609	6094
397	38265	48025	48026	3	3	401	1	6	10	10	15	6	49	63	22	489	1	11	1	14	18	29	88	66	458	0	9	94	943
398	38363	48147	48149	3	3	402	1	0	6	8	22	12	36	16	19	923	0	18	24	4	36	49	48	57	751	9	94	943	9433
399	38457	48265	48267	3	3	403	1	14	10	27	3	42	16	80	52	472	8	11	23	9	40	48	38	156	407	4	43	433	4330
400	38555	48388	48390	3	3	404	1	13	18	24	27	30	1	35	244	579	5	16	14	19	4	3	4	230	728	3	33	330	3305
401	38649	48506	48508	3	3	405	1	15	9	8	8	32	47	94	163	670	11	8	24	24	10	23	80	238	1001	3	30	305	3057
402	38747	48629	48630	3	3	406	1	14	16	20	2	1	40	44	2	520	8	10	2	6	3	2	31	6	551	0	5	57	572
403	38843	48749	48751	3	3	407	1	15	14	8	3	18	28	75	16	448	11	4	24	9	11	25	23	48	335	5	57	572	5727
404	38936	48867	48869	3	3	408	1	2	6	9	21	6	26	30	231	878	6	18	27	1	18	19	90	191	616	7	72	727	7270
405	39034	48990	48992	3	3	409	1	11	18	16	4	1	57	50	42	565	16	16	19	12	3	53	49	126	686	2	27	270	2703
406	39126	49106	49112	57	3*19	410	1	9	1	3	30	27	32	74	180	120	3	0	26	5	34	54	77	220	786	7	70	703	7036
407	39220	49225	49232	177	3*59	411	1	16	12	2	13	28	40	34	65	777	10	15	6	7	11	0	59	210	305	0	3	36	365
408	39322	49351	49353	3	3	412	1	3	4	10	21	3	16	4	115	762	9	12	1	1	9	48	12	94	268	3	36	365	3657
409	39413	49467	49468	3	3	413	1	9	1	13	13	0	34	90	144	460	10	3	10	8	0	43	68	181	371	6	65	657	6575
410	39511	49590	49591	3	3	414	1	15	1	5	27	21	25	37	240	233	11	3	15	19	20	16	10	218	699	5	57	575	5759
411	39609	49712	49714	3	3	415	1	5	16	3	26	14	14	46	42	872	15	10	9	16	42	42	37	126	598	7	75	759	7595
412	39700	49828	49834	87	3*29	416	1	10	12	4	26	40	51	81	121	643	3	18	0	30	40	12	78	236	446	5	59	595	5959
413	39801	49953	49955	3	3	417	1	1	7	28	14	31	13	68	170	370	3	2	26	11	7	39	2	8	101	9	95	959	9591
414	39892	50069	50070	3	3	418	1	10	8	9	0	23	37	26	38	13	13	5	27	0	26	52	78	114	39	5	59	591	5919
415	39993	50194	50195	3	3	419	1	10	1	25	12	24	26	92	209	355	13	3	17	5	29	19	74	125	56	9	91	919	9195
416	40088	50314	50316	3	3	420	1	9	12	0	23	29	4	48	21	941	10	17	0	7	1	12	43	63	805	1	19	195	1953
417	40176	50427	50428	3	3	421	1	16	17	20	30	4	12	69	75	225	14	13	2	28	12	36	5	225	675	9	95	953	9530
418	40278	50553	50554	3	3	422	1	15	1	15	2	14	48	94	68	436	11	3	16	6	42	26	80	204	299	5	53	530	5309
419	40374	50673	50675	3	3	423	1	1	6	21	17	1	57	89	228	317	3	18	5	20	3	53	65	182	951	3	30	309	3092
420	40472	50796	50797	3	3	424	1	16	11	16	29	41	17	17	3	354	14	14	19	25	37	51	51	9	53	0	9	92	921
421	40568	50916	50918	3	3	425	1	15	10	1	12	38	1	56	152	546	11	11	3	5	28	3	67	205	629	9	92	921	9218
422	40661	51034	51036	3	3	426	1	2	5	3	9	8	8	99	14	58	6	15	9	27	24	24	95	42	174	2	21	218	2186
423	40759	51157	51158	3	3	427	1	8	18	14	27	15	54	52	206	246	7	16	13	19	2	44	55	116	738	1	18	186	1861
424	40853	51275	51276	3	3	428	1	15	5	24	27	13	55	79	94	541	11	15	14	19	39	47	35	31	614	8	86	861	8611
425	40951	51398	51399	3	3	429	1	12	10	14	5	8	49	59	2	221	2	11	13	15	24	29	76	6	663	6	61	611	6117
426	41044	51516	51517	3	3	430	1	11	14	7	30	25	40	38	101	99	16	4	21	28	32	2	13	52	297	1	11	117	1173
427	41142	51638	51640	3	3	431	1	8	18	11	27	42	43	69	150	948	7	16	4	19	40	11	5	199	826	1	17	173	1738
428	41238	51759	51760	3	3	432	1	16	7	22	11	32	14	17	217	824	14	2	8	2	10	42	51	149	454	7	73	738	7381
429	41332	51877	51878	3	3	433	1	14	4	26	5	25	16	80	94	47	8	12	20	15	32	48	38	31	141	3	38	381	3819
430	41430	51999	52001	3	3	434	1	1	8	10	15	37	20	37	9	300	3	5	1	14	25	1	10	27	900	8	81	819	8193
431	41520	52114	52121	219	3*73	435	1	5	11	25	19	16	9	70	126	942	7	15	23	7	21	24	79	235	462	1	19	193	1932
432	41622	52240	52242	3	3	436	1	16	14	24	1	3	34	30	84	753	14	4	14	3	9	43	90	1	241	9	93	932	9326
433	41717	52361	52362	3	3	437	1	3	3	9	29	16	15	57	135	501	9	9	27	25	5	45	70	154	494	3	32	326	3261
434	41809	52476	52478	3	3	438	1	12	5	18	15	20	29	81	83	324	2	15	25	14	17	28	41	249	972	2	26	261	2611
435	41907	52599	52601	3	3	439	1	15	10	12	10	5	13	66	209	578	11	11	7	30	15	39	97	125	725	6	61	611	6117
436	42005	52722	52723	3	3	440	1	3	12	14	11	35	27	32	99	279	9	17	13	2	19	22	96	46	837	1	11	117	1179
437	42101	52842	52844	3	3	441	1	3	4	15	7	6	40	21	227	655	9	12	16	21	18	2	63	179	956	1	17	179	1793
438	42197	52962	52964	3	3	442	1	1	10	26	4	34	18	98	200	559	3	11	20	12	16	54	92	98	668	7	79	793	7931
439	42288	53078	53080	3	3	443	1	5	6	28	30	10	25	49	204	199	15	18	26	28	30	16	46	110	597	9	93	931	9310
440	42388	53203	53205	3	3	444	1	2	1	10	25	23	37	24	232	943	6	3	1	13	26	52	72	194	811	3	31	310	3105
441	42484	53323	53325	3	3	445	1	16	13	26	25	42	40	11	150	276	14	1	20	13	40	2	33	199	828	1	10	105	1051
442	42580	53444	53445	3	3	446	1	14	0	21	5	9	19	38	240	548	8	0	5	15	27	57	13	218	635	0	5	51	511
443	42673	53562	53564	3	3	447	1	11	9	1	3	8	27	47	20	837	16	8	3	9	24	22	40	60	493	5	51	511	5118
444	42769	53682	53684	3	3	448	1	16	5	28	26	8	32	76	193	152	14	15	26	16	24	37	26	77	456	1	11	118	1185
445	42867	53805	53807	3	3	449	1	9	6	5	11	5	46	61	101	832	10	18	15	2	15	20	82	52	478	1	18	185	1854
446	42958	53921	53927	87	3*29	450	1	9	2	23	22	11	53	51	58	429	1	3	0	23	11	9	94	26	999	8	85	854	8548
447	43054	54041	54043	3	3	451	1	15	3	23	1	9	52	23	191	122	11	9	11	3	27	38	69	71	366	5	54	548	5480
448	43155	54166	54168	3	3	452	1	9	14	16	15	42	20	35	55	54	10	4	19	14	40	1	4	165	162	4	48	480	4807
449	43248	54284	54286	3	3	453	1	8	3	13	23	34	12	81	163	666	7	9	10	7	16	36	41	238	989	8	80	807	8074
450	43347	54407	54408	3	3	454	1	13	13	27	9	24	13	41	61	701	5	1	23	27	29	39	22	183	85	0	7	74	744
451	43438	54523	54527	15	3*5	455	1	1	12	12	4	39	16	7	209	468	15	9	6	29	26	4	4	123	966	7	74	744	7446
452	43538	54648	54649	3	3	456	1	7	2	22	14	9	32	22	183	222	4	6	8	11	27	37	66	47	666	4	44	446	4462
453	43634	54768	54770	3	3	457	1	12	7	9	21	16	2	40	135	193	2	2	27	1	5	6	19	154	579	4	46	462	4623
454	43728	54886	54888	3	3	458	1	14	10	16	3	37	17	63	239	4	8	11	19	9	25	51	88	215	12	6	62	623	6237
455	43826	55009	55010	3	3	459	1	13	6	19	10	1	31	19	91	975	5	18	28	30	3	34	57	22	907	2	23	237	2379
456	43922	55129	55131	3	3	460	1	7	12	24	9	41	35	6	154	819	4	17	14	27	37	46	18	211	439	3	37	379	3799
457	44009	55242	55243	3	3	461	1	12	12	21	0	14	38	61	66	333	2	17	5	0	42	55	82	198	999	7	79	799	7996
458	44113	55370	55371	3	3	462	1	1	7	12	1	24	42	28	44	618	3	2	7	3	29	8	84	132	845	9	99	996	9962
459	44204	55486	55487	3	3	463	1	7	9	4	4	13	30	46	226	516	4	8	12	12	39	31	37	176	539	9	96	962	9627
460	44303	55608	55610	3	3	464	1	11	18	1	0	6	49	64	133	122	16	16	3	0	18	29	91	148	366	6	62	627	6274
461	44401	55731	55733	3	3	465	1	11	11	4	15	6	19	18	55	806	16	14	12	14	18	57	54	165	400	2	27	274	2749
462	44497	55851	55853	3	3	466	1	15	18	10	15	18	48	100	65	562	11	16	1	14	11	26	98	195	677	7	74	749	7495
463	44588	55967	55973	57	3*19	467	1	11	2	20	9	1	14	45	60	407	15	0	9	17	14	31	40	157	1001	4	49	495	4956
464	44684	56087	56089	3	3	468	1	15	4	4	12	14	10	72	30	216	11	12	12	5	42	30	14	90	648	9	95	956	9567
465	44784	56212	56214	3	3	469	1	13	4	11	3	31	30	13	186	340	5	12	4	9	7	31	39	56	11	5	56	567	5673
466	44880	56333	56334	3	3	470	1	0	6	8	2	42	34	6	21	122	0	18	24	6	40	43	18	63	366	6	67	673	6735
467	44976	56453	56455	3	3	471	1	2	5	13	25	1	32	62	67	339	6	15	10	13	3	37	85	201	8	7	73	735	7351
468	45065	56567	56568	3	3	472	1	5	17	2	28	4	19	44	50	41	15	13	6	22	12	57	31	150	123	3	35	351	3518
469	45165	56692	56693	3	3	473	1	15	5	2	18	15	38	38	183	595	11	15	6	23	2	55	13	47	776	5	51	518	5188
470	45263	56814	56816	3	3	474	1	14	7	18	7	0	47	35	62	173	8	2	25	21	0	23	4	186	519	1	18	188	1885
471	45359	56935	56936	3	3	475	1	15	10	15	14	23	31	21	100	110	11	11	16	11	26	34	63	49	330	8	88	885	8857
472	45452	57053	57054	3	3	476	1	2	4	0	23	14	40	87	76	821	6	12	0	7	42	2	59	228	445	8	85	857	8575
473	45551	57175	57177	3	3	477	1	11	12	14	25	15	11	50	93	119	16	17	13	13	2	33	49	28	357	5	57	575	5752
474	45644	57294	57295	3	3	478	1	7	7	23	5	23	19	89	186	757	4	2	11	15	26	57	65	56	253	7	75	752	7527
475	45735	57409	57418	381	3*127	479	1	16	15	14	7	12	49	24	130	563	10	15	27	1	14	25	54	83	595	5	52	527	5272
476	45836	57534	57536	3	3	480	1	4	6	8	19	27	44	97	173	547	12	18	24	26	38	14	89	17	632	2	27	272	2724
477	45934	57657	57659	3	3	481	1	4	11	5	30	34	8	85	223	215	12	14	15	28	16	24	53	167	645	7	72	724	7248
478	46030	57777	57779	3	3	482	1	7	10	22	29	22	46	65	170	872	4	11	8	25	23	20	94	8	598	2	24	248	2489
479	46123	57895	57897	3	3	483	1	1	5	9	24	31	53	25	223	465	3	15	27	10	7	41	75	167	386	4	48	489	4891
480	46217	58013	58020	87	3*29	484	1	10	17	19	8	27	6	46	78	110	3	16	0	14	27	50	63	9	489	8	89	891	8912
481	46317	58138	58140	3	3	485	1	1	6	11	12	34	4	24	13	324	3	18	4	5	16	12	72	39	972	9	91	912	9122
482	46413	58259	58260	3	3	486	1	12	10	20	25	31	44	7	131	708	2	11	2	13	7	14	21	142	106	1	12	122	1227
483	46509	58379	58381	3	3	487	1	10	13	11	18	21	14	48	224	517	13	1	4	23	20	42	43	170	542	2	22	227	2279
484	46600	58495	58496	3	3	488	1	16	3	8	20	34	29	98	247	636	14	9	24	29	16	28	92	239	899	2	27	279	2793
485	46698	58618	58619	3	3	489	1	10	9	9	23	41	6	91	0	818	13	8	27	7	37	18	71	0	436	7	79	793	7938
486	46796	58740	58742	3	3	490	1	7	1	18	8	23	54	35	135	175	4	3	25	24	26	44	4	154	525	9	93	938	9381
487	46892	58861	58862	3	3	491	1	5	8	13	17	7	39	30	223	705	15	5	10	20	21	58	90	167	97	3	38	381	3818
488	46988	58981	58983	3	3	492	1	16	5	20	10	20	2	1	66	230	14	15	2	30	17	6	3	198	690	8	81	818	8183
489	47077	59094	59096	3	3	493	1	11	3	28	11	31	50	34	140	524	16	9	26	2	7	32	1	169	563	1	18	183	1830
490	47180	59222	59223	3	3	494	1	10	3	14	30	22	58	41	68	234	13	9	13	28	23	56	22	204	702	8	83	830	8301
491	47276	59342	59344	3	3	495	1	8	11	5	12	37	53	61	120	785	7	14	15	5	25	41	82	109	337	3	30	301	3011
492	47371	59463	59464	3	3	496	1	7	12	13	15	25	22	100	231	660	4	17	10	14	32	7	98	191	971	0	1	11	119
493	47465	59581	59582	3	3	497	1	16	10	15	6	32	30	73	65	577	14	11	16	18	10	31	17	195	722	1	11	119	1194
494	47561	59701	59703	3	3	498	1	11	16	27	3	27	33	30	94	921	16	10	23	9	38	40	90	31	745	1	19	194	1949
495	47659	59824	59825	3	3	499	1	8	10	12	5	39	2	5	51	170	7	11	7	15	31	6	15	153	510	9	94	949	9491
496	47755	59944	59946	3	3	500	1	16	17	26	3	9	24	11	241	871	14	13	20	9	27	13	33	221	595	4	49	491	4912
497	47840	60054	60056	3	3	501	1	14	9	4	20	25	55	62	71	652	8	8	12	29	32	47	85	213	947	9	91	912	9129
498	47946	60185	60186	3	3	502	1	1	13	9	22	6	6	95	84	427	3	1	27	4	18	18	83	1	272	1	12	129	1298
499	48040	60303	60304	3	3	503	1	5	0	5	14	8	7	48	25	36	15	0	15	11	24	21	43	75	108	2	29	298	2983
500	48138	60426	60427	3	3	504	1	16	7	23	14	39	18	23	247	491	14	2	11	11	31	54	69	239	464	9	98	983	9833
501	48232	60544	60545	3	3	505	1	4	5	4	8	30	11	22	234	966	12	15	12	24	4	33	66	200	880	8	83	833	8336
502	48330	60666	60668	3	3	506	1	11	6	12	23	27	6	87	38	34	16	18	7	7	38	18	59	114	102	3	33	336	3367
503	48425	60787	60788	3	3	507	1	7	1	26	16	13	18	53	213	140	4	3	20	17	39	54	58	137	420	3	36	367	3673
504	48519	60905	60906	3	3	508	1	4	15	24	13	22	24	40	68	89	12	7	14	8	23	13	19	204	267	6	67	673	6733
505	48617	61027	61029	3	3	509	1	3	14	1	14	41	5	66	246	510	9	4	3	11	37	15	97	236	521	7	73	733	7336
506	48713	61148	61149	3	3	510	1	1	15	5	20	14	56	96	210	769	3	7	15	29	42	50	86	128	289	3	33	336	3362
507	48809	61268	61270	3	3	511	1	6	13	12	15	20	33	56	115	205	1	1	7	14	17	40	67	94	615	3	36	362	3624
508	48905	61388	61390	3	3	512	1	2	15	12	23	39	28	20	218	649	6	7	7	7	31	25	60	152	938	6	62	624	6244
509	48993	61502	61503	3	3	513	1	14	14	27	6	36	15	54	92	463	8	4	23	18	22	45	61	25	380	2	24	244	2440
510	49092	61625	61626	3	3	514	1	6	17	9	7	1	15	34	66	733	1	13	27	21	3	45	1	198	181	4	44	440	4406
511	49192	61750	61751	3	3	515	1	4	12	3	1	32	27	53	91	552	12	17	9	3	10	22	58	22	647	4	40	406	4065
512	49288	61870	61872	3	3	516	1	12	6	22	18	2	49	91	25	600	2	18	8	23	6	29	71	75	791	0	6	65	656
513	49384	61990	61992	3	3	517	1	9	12	7	30	16	51	18	92	679	10	17	21	28	5	35	54	25	19	6	65	656	6566
514	49470	62101	62108	87	3*29	518	1	16	6	17	28	9	48	80	13	756	15	9	0	18	9	46	92	127	187	5	56	566	5664
515	49575	62231	62233	3	3	519	1	1	7	16	1	9	48	17	19	153	3	2	19	3	27	26	51	57	459	6	66	664	6643
516	49671	62351	62353	3	3	520	1	9	16	28	5	32	50	65	146	184	10	10	26	15	10	32	94	187	552	6	64	643	6430
517	49767	62472	62473	3	3	521	1	6	14	19	4	28	30	90	36	207	1	4	28	12	41	31	68	108	621	4	43	430	4308
518	49861	62590	62591	3	3	522	1	6	6	9	19	4	55	98	30	66	1	18	27	26	12	47	92	90	198	3	30	308	3086
519	49956	62710	62712	3	3	523	1	5	15	27	6	40	47	35	182	774	15	7	23	18	34	23	4	44	304	0	8	86	860
520	50050	62829	62835	57	3*19	524	1	12	3	28	0	25	37	49	40	443	4	0	1	0	6	44	66	21	26	8	86	860	8602
521	50150	62953	62955	3	3	525	1	12	5	21	14	25	19	17	55	928	2	15	5	11	32	57	51	165	766	6	60	602	6021
522	50244	63071	63073	3	3	526	1	14	16	19	1	8	7	18	177	139	8	10	28	3	24	21	54	29	417	0	2	21	213
523	50342	63194	63196	3	3	527	1	13	6	17	15	29	17	73	230	898	5	18	22	14	1	51	17	188	676	2	21	213	2139
524	50436	63312	63314	3	3	528	1	15	1	21	12	21	10	63	123	144	11	3	5	5	20	30	88	118	432	1	13	139	1394
525	50534	63435	63436	3	3	529	1	12	16	12	13	33	45	63	83	48	2	10	7	8	13	17	88	249	144	3	39	394	3949
526	50627	63553	63554	3	3	530	1	7	5	3	7	22	13	86	92	770	4	15	9	21	23	39	56	25	292	9	94	949	9494
527	50725	63676	63677	3	3	531	1	5	7	15	3	30	33	58	74	375	15	2	16	9	4	40	73	222	116	4	49	494	4946
528	50821	63796	63797	3	3	532	1	4	10	9	24	42	0	13	63	61	12	11	27	10	40	0	39	189	183	9	94	946	9463
529	50915	63914	63916	3	3	533	1	9	4	25	28	41	42	56	137	961	10	12	17	22	37	8	67	160	865	4	46	463	4639
530	51013	64037	64038	3	3	534	1	15	12	25	30	21	25	20	244	202	11	17	17	28	20	16	60	230	606	6	63	639	6395
531	51109	64157	64159	3	3	535	1	5	16	13	17	21	56	41	44	693	15	10	10	20	20	50	22	132	61	3	39	395	3952
532	51204	64277	64279	3	3	536	1	1	5	14	13	6	33	26	169	376	3	15	13	8	18	40	78	5	119	9	95	952	9522
533	51300	64398	64399	3	3	537	1	13	11	12	10	7	12	57	176	709	5	14	7	30	21	36	70	26	109	5	52	522	5224
534	51391	64513	64515	3	3	538	1	0	5	5	20	34	47	86	177	936	0	15	15	29	16	23	56	29	790	2	22	224	2247
535	51490	64636	64638	3	3	539	1	14	2	27	29	8	45	56	103	641	8	6	23	25	24	17	67	58	914	2	24	247	2473
536	51588	64759	64760	3	3	540	1	13	6	16	23	37	31	44	234	346	5	18	19	7	25	34	31	200	29	4	47	473	4737
537	51676	64871	64873	3	3	541	1	7	12	3	29	14	27	47	145	430	4	17	9	25	42	22	40	184	281	7	73	737	7371
538	51779	65000	65001	3	3	542	1	14	6	21	10	25	8	16	186	331	8	18	5	30	32	24	48	56	993	3	37	371	3719
539	51871	65115	65117	3	3	543	1	4	8	22	14	24	52	14	15	458	12	5	8	11	29	38	42	45	365	7	71	719	7190
540	51971	65240	65242	3	3	544	1	10	13	4	22	21	22	78	233	323	13	1	12	4	20	7	32	197	969	1	19	190	1907
541	52067	65361	65362	3	3	545	1	11	18	28	6	10	44	4	26	962	16	16	26	18	30	14	12	78	868	9	90	907	9070
542	52163	65481	65483	3	3	546	1	1	7	4	4	19	31	7	209	245	3	2	12	12	14	34	21	125	735	0	7	70	702
543	52256	65599	65601	3	3	547	1	12	4	7	6	25	29	78	157	408	2	12	21	18	32	28	32	220	215	7	70	702	7021
544	52352	65720	65721	3	3	548	1	4	13	1	8	36	42	74	161	271	12	1	3	24	22	8	20	232	813	0	2	21	217
545	52450	65842	65844	3	3	549	1	4	5	0	11	34	28	76	105	922	12	15	0	2	16	25	26	64	748	2	21	217	2179
546	52546	65963	65964	3	3	550	1	7	14	24	26	35	12	93	209	620	4	4	14	16	19	36	77	125	851	1	17	179	1798
547	52640	66081	66082	3	3	551	1	1	12	20	19	36	44	10	17	496	3	17	2	26	22	14	30	51	479	7	79	798	7986
548	52733	66198	66205	87	3*29	552	1	10	3	13	2	13	39	7	187	1006	3	14	0	19	13	30	3	205	748	9	98	986	9860
549	52831	66321	66323	3	3	553	1	7	10	21	13	23	2	100	210	548	4	11	5	8	26	6	98	128	635	8	86	860	8609
550	52929	66444	66446	3	3	554	1	12	12	13	8	5	25	13	39	261	2	17	10	24	15	16	39	117	783	6	60	609	6094
551	53023	66562	66564	3	3	555	1	2	16	4	8	12	22	2	50	870	6	10	12	24	36	7	6	150	592	0	9	94	943
552	53121	66685	66686	3	3	556	1	9	10	3	13	37	38	23	207	307	10	11	9	8	25	55	69	119	921	9	94	943	9437
553	53217	66805	66807	3	3	557	1	16	17	27	22	35	13	14	62	861	14	13	23	4	19	39	42	186	565	4	43	437	4370
554	53310	66923	66925	3	3	558	1	15	4	18	3	13	47	49	127	776	11	12	25	9	39	23	46	130	310	3	37	370	3702
555	53408	67046	67047	3	3	559	1	5	13	6	27	27	45	70	178	356	15	1	18	19	38	17	8	32	59	7	70	702	7027
556	53504	67166	67168	3	3	560	1	16	0	4	9	12	35	16	5	16	14	0	12	27	36	46	48	15	48	0	2	27	277
557	53600	67287	67288	3	3	561	1	15	7	17	2	0	0	21	196	537	11	2	22	6	0	0	63	86	602	2	27	277	2770
558	53696	67407	67409	3	3	562	1	10	6	9	3	37	0	84	145	965	13	18	27	9	25	0	50	184	877	7	77	770	7705
559	53787	67523	67524	3	3	563	1	1	1	3	29	12	23	35	175	839	3	3	9	25	36	10	4	23	499	7	70	705	7053
560	53885	67645	67647	3	3	564	1	15	4	23	7	6	31	90	189	11	11	12	11	21	18	34	68	65	33	0	5	53	539
561	53983	67768	67770	3	3	565	1	12	18	20	12	12	14	70	240	693	2	16	2	5	36	42	8	218	61	5	53	539	5392
562	54079	67888	67890	3	3	566	1	4	14	2	23	11	49	57	136	526	12	4	6	7	33	29	70	157	569	3	39	392	3921
563	54175	68009	68010	3	3	567	1	8	15	8	21	38	17	51	169	121	7	7	24	1	28	51	52	5	363	9	92	921	9217
564	54266	68125	68126	3	3	568	1	2	18	9	13	0	20	41	230	127	6	16	27	8	0	1	22	188	381	2	21	217	2171
565	54367	68250	68251	3	3	569	1	2	15	10	11	1	34	23	91	120	6	7	1	2	3	43	69	22	360	1	17	171	1717
566	54463	68370	68372	3	3	570	1	1	2	9	26	39	26	93	203	20	3	6	27	16	31	19	77	107	60	7	71	717	7176
567	54558	68490	68492	3	3	571	1	8	7	5	10	40	17	0	219	587	7	2	15	30	34	51	0	155	752	1	17	176	1762
568	54652	68608	68610	3	3	572	1	10	10	13	9	24	10	48	234	79	13	11	10	27	29	30	43	200	237	7	76	762	7629
569	54748	68729	68730	3	3	573	1	4	5	15	0	31	6	47	100	876	12	15	16	0	7	18	40	49	610	6	62	629	6293
570	54846	68851	68853	3	3	574	1	11	12	7	12	32	55	94	175	95	16	17	21	5	10	47	80	23	285	2	29	293	2931
571	54942	68972	68973	3	3	575	1	7	18	4	23	41	23	47	76	884	4	16	12	7	37	10	40	228	634	9	93	931	9317
572	55028	69083	69087	15	3*5	576	1	12	6	5	8	22	8	6	84	39	10	14	17	27	29	2	90	5	585	3	31	317	3176
573	55133	69213	69214	3	3	577	1	3	16	5	10	22	7	32	103	92	9	10	15	30	23	21	96	58	276	1	17	176	1767
574	55227	69331	69332	3	3	578	1	7	18	5	17	23	25	79	53	891	4	16	15	20	26	16	35	159	655	7	76	767	7675
575	55325	69453	69455	3	3	579	1	6	11	19	29	32	18	32	29	487	1	14	28	25	10	54	96	87	452	6	67	675	6752
576	55414	69567	69573	75	3*5^2	580	1	6	12	21	12	41	41	64	44	724	8	7	9	1	22	7	53	37	823	7	75	752	7523
577	55504	69682	69688	57	3*19	581	1	8	9	13	3	34	18	39	201	890	14	0	16	16	3	23	1	162	280	5	52	523	5238
578	55612	69814	69816	3	3	582	1	14	5	19	27	17	42	100	73	832	8	15	28	19	8	8	98	219	478	2	23	238	2384
579	55706	69932	69934	3	3	583	1	11	16	7	27	16	29	81	76	504	16	10	21	19	5	28	41	228	503	3	38	384	3846
580	55804	70055	70057	3	3	584	1	12	6	28	5	27	15	17	121	539	2	18	26	15	38	45	51	112	608	8	84	846	8467
581	55900	70176	70177	3	3	585	1	9	5	21	26	29	12	55	207	258	10	15	5	16	1	36	64	119	774	4	46	467	4674
582	55996	70296	70297	3	3	586	1	6	16	26	27	5	28	9	114	780	1	10	20	19	15	25	27	91	322	6	67	674	6748
583	56092	70416	70418	3	3	587	1	1	6	1	11	36	44	18	130	83	3	18	3	2	22	14	54	139	249	7	74	748	7481
584	56183	70532	70534	3	3	588	1	16	17	23	1	30	45	100	148	877	14	13	11	3	4	17	98	193	613	4	48	481	4818
585	56281	70655	70656	3	3	589	1	8	2	13	3	6	28	7	224	90	7	6	10	9	18	25	21	170	270	8	81	818	8184
586	56379	70777	70779	3	3	590	1	13	1	21	23	18	43	93	147	310	5	3	5	7	11	11	77	190	930	1	18	184	1846
587	56475	70898	70899	3	3	591	1	8	12	11	1	14	3	11	201	794	7	17	4	3	42	9	33	101	364	8	84	846	8467
588	56571	71018	71020	3	3	592	1	7	16	27	29	2	5	76	115	487	4	10	23	25	6	15	26	94	452	4	46	467	4676
589	56662	71134	71135	3	3	593	1	10	4	0	15	31	19	82	119	442	13	12	0	14	7	57	44	106	317	6	67	676	6766
590	56762	71259	71260	3	3	594	1	2	11	23	19	9	57	1	237	729	6	14	11	26	27	53	3	209	169	7	76	766	7669
591	56858	71379	71381	3	3	595	1	13	11	7	11	3	33	97	204	403	5	14	21	2	9	40	89	110	200	6	66	669	6694
592	56954	71500	71501	3	3	596	1	7	10	17	7	2	33	62	223	813	4	11	22	21	6	40	85	167	421	6	69	694	6940
593	57045	71615	71617	3	3	597	1	10	1	14	20	11	48	84	29	956	13	3	13	29	33	26	50	87	850	9	94	940	9405
594	57143	71738	71740	3	3	598	1	7	15	24	26	39	29	12	1	214	4	7	14	16	31	28	36	3	642	4	40	405	4051
595	57241	71861	71862	3	3	599	1	5	6	1	25	42	35	83	238	806	15	18	3	13	40	46	47	212	400	0	5	51	513
596	57337	71981	71983	3	3	600	1	4	10	25	25	24	40	42	224	474	12	11	17	13	29	2	25	170	413	5	51	513	5132
597	57431	72099	72101	3	3	601	1	9	14	14	1	17	1	29	32	497	10	4	13	3	8	3	87	96	482	1	13	132	1320
598	57529	72222	72223	3	3	602	1	15	18	1	15	42	42	88	148	855	11	16	3	14	40	8	62	193	547	3	32	320	3200
599	57622	72340	72341	3	3	603	1	1	9	14	26	28	46	56	178	200	3	8	13	16	41	20	67	32	600	2	20	200	2000
600	57721	72463	72464	3	3	604	1	1	1	21	11	4	19	87	53	206	3	3	5	2	12	57	59	159	618	0	0	0	5
601	57814	72581	72582	3	3	605	1	6	13	19	16	9	10	78	174	752	1	1	28	17	27	30	32	20	238	0	0	5	56
602	57912	72703	72705	3	3	606	1	0	5	19	25	14	47	19	206	57	0	15	28	13	42	23	57	116	171	0	5	56	568
603	58008	72824	72825	3	3	607	1	2	14	24	15	26	51	7	72	324	6	4	14	14	35	35	21	216	972	5	56	568	5681
604	58102	72942	72943	3	3	608	1	6	12	8	23	41	24	60	158	394	1	17	24	7	37	13	79	223	173	6	68	681	6812
605	58200	73064	73066	3	3	609	1	7	11	20	9	1	11	10	151	501	4	14	2	27	3	33	30	202	494	8	81	812	8127
606	58296	73185	73186	3	3	610	1	14	12	8	7	18	22	60	234	392	8	17	24	21	11	7	79	200	167	1	12	127	1271
607	58391	73305	73307	3	3	611	1	15	12	16	14	30	31	19	162	812	11	17	19	11	4	34	57	235	418	2	27	271	2714
608	58487	73425	73427	3	3	612	1	10	4	16	21	38	9	21	155	700	13	12	19	1	28	27	63	214	82	7	71	714	7145
609	58578	73541	73543	3	3	613	1	12	8	22	13	14	33	89	174	97	2	5	8	8	42	40	65	20	291	1	14	145	1452
610	58677	73664	73665	3	3	614	1	7	11	12	2	14	54	41	97	715	4	14	7	6	42	44	22	40	127	4	45	452	4526
611	58775	73787	73788	3	3	615	1	9	1	10	9	35	47	12	93	225	10	3	1	27	19	23	36	28	675	5	52	526	5263
612	58871	73907	73909	3	3	616	1	3	13	6	0	1	41	52	155	618	9	1	18	0	3	5	55	214	845	2	26	263	2635
613	58966	74027	74029	3	3	617	1	4	0	25	1	17	54	90	173	622	12	0	17	3	8	44	68	17	857	6	63	635	6356
614	59055	74141	74142	3	3	618	1	4	11	10	7	34	56	18	117	134	12	14	1	21	16	50	54	100	402	3	35	356	3560
615	59153	74263	74270	87	3*29	619	1	16	12	17	0	6	13	1	8	619	15	18	0	0	6	10	87	194	376	5	56	560	5608
616	59254	74388	74390	3	3	620	1	1	6	28	15	3	15	63	30	120	3	18	26	14	9	45	88	90	360	6	60	608	6082
617	59342	74501	74502	3	3	621	1	1	7	28	19	42	39	83	187	11	3	2	26	26	40	58	47	59	33	0	8	82	827
618	59443	74627	74628	3	3	622	1	16	15	5	28	20	38	61	92	631	14	7	15	22	17	55	82	25	884	8	82	827	8277
619	59539	74747	74749	3	3	623	1	2	18	0	29	39	13	94	201	610	6	16	0	25	31	39	80	101	821	2	27	277	2778
620	59637	74870	74871	3	3	624	1	9	15	24	3	6	37	14	84	53	10	7	14	9	18	52	42	1	159	7	77	778	7785
621	59733	74990	74992	3	3	625	1	16	13	17	2	7	4	96	198	660	14	1	22	6	21	12	86	92	971	7	78	785	7857
622	59826	75108	75110	3	3	626	1	15	3	21	5	14	35	38	76	706	11	9	5	15	42	46	13	228	100	8	85	857	8577
623	59925	75231	75233	3	3	627	1	5	2	16	28	30	27	13	86	665	15	6	19	22	4	22	39	7	986	5	57	577	5771
624	60018	75349	75351	3	3	628	1	10	9	6	18	34	37	90	8	351	13	8	18	23	16	52	68	24	44	7	77	771	7713
625	60116	75472	75473	3	3	629	1	15	12	15	7	25	18	100	218	519	11	17	16	21	32	54	98	152	548	7	71	713	7134
626	60210	75590	75591	3	3	630	1	2	5	26	9	7	48	83	101	407	6	15	20	27	21	26	47	52	212	1	13	134	1342
627	60308	75712	75714	3	3	631	1	8	12	4	22	37	25	4	36	909	7	17	12	4	25	16	12	108	709	3	34	342	3427
628	60404	75833	75834	3	3	632	1	7	18	14	25	41	28	96	101	847	4	16	13	13	37	25	86	52	523	4	42	427	4275
629	60497	75951	75952	3	3	633	1	16	9	7	5	37	35	10	143	875	14	8	21	15	25	46	30	178	607	2	27	275	2757
630	60595	76074	76075	3	3	634	1	4	16	11	21	33	28	95	91	791	12	10	4	1	13	25	83	22	355	7	75	757	7577
631	60691	76194	76196	3	3	635	1	8	14	22	2	38	7	42	40	976	7	4	8	6	28	21	25	120	910	5	57	577	5778
632	60787	76314	76316	3	3	636	1	16	11	14	30	32	45	22	106	713	14	14	13	28	10	17	66	67	121	7	77	778	7789
633	60883	76435	76436	3	3	637	1	2	18	10	29	40	13	18	234	76	6	16	1	25	34	39	54	200	228	7	78	789	7896
634	60967	76544	76550	57	3*19	638	1	10	16	20	21	13	40	42	26	995	9	0	9	19	10	38	71	227	211	8	89	896	8960
635	61070	76671	76672	3	3	639	1	1	4	23	13	3	47	17	211	845	3	12	11	8	9	23	51	131	517	9	96	960	9609
636	61170	76796	76797	3	3	640	1	16	4	9	12	8	3	28	94	714	14	12	27	5	24	9	84	31	124	6	60	609	6091
637	61266	76916	76918	3	3	641	1	3	6	15	25	14	34	28	152	124	9	18	16	13	42	43	84	205	372	0	9	91	917
638	61362	77036	77038	3	3	642	1	11	5	2	18	20	51	71	182	895	16	15	6	23	17	35	11	44	667	9	91	917	9173
639	61453	77152	77154	3	3	643	1	3	9	11	20	11	2	86	183	21	9	8	4	29	33	6	56	47	63	1	17	173	1736
640	61554	77277	77279	3	3	644	1	3	6	15	22	2	1	57	216	707	9	18	16	4	6	3	70	146	103	7	73	736	7363
641	61649	77398	77399	3	3	645	1	3	7	26	8	8	57	39	51	896	9	2	20	24	24	53	16	153	670	3	36	363	3637
642	61745	77518	77520	3	3	646	1	1	10	4	17	42	34	93	123	315	3	11	12	20	40	43	77	118	945	6	63	637	6371
643	61839	77636	77638	3	3	647	1	8	4	2	2	35	1	72	103	850	7	12	6	6	19	3	14	58	532	3	37	371	3717
644	61935	77756	77758	3	3	648	1	14	10	11	27	41	47	24	4	706	8	11	4	19	37	23	72	12	100	7	71	717	7178
645	62033	77879	77881	3	3	649	1	16	16	21	30	5	11	53	181	855	14	10	5	28	15	33	58	41	547	1	17	178	1787
646	62129	77999	78001	3	3	650	1	14	5	5	12	34	30	97	96	911	8	15	15	5	16	31	89	37	715	7	78	787	7872
647	62222	78117	78119	3	3	651	1	11	6	28	3	16	56	66	5	999	16	18	26	9	5	50	97	15	979	8	87	872	8721
648	62320	78240	78242	3	3	652	1	12	11	5	30	29	4	44	197	292	2	14	15	28	1	12	31	89	876	7	72	721	7214
649	62409	78353	78360	87	3*29	653	1	1	4	18	14	26	11	80	56	153	2	6	0	9	26	13	92	103	194	2	21	214	2146
650	62506	78475	78482	219	3*73	654	1	8	17	19	23	33	40	97	61	696	1	18	14	15	3	28	33	56	65	1	14	146	1468
651	62605	78599	78601	3	3	655	1	7	15	9	13	24	13	62	161	662	4	7	27	8	29	39	85	232	977	4	46	468	4684
652	62703	78722	78723	3	3	656	1	9	6	7	30	4	40	17	203	965	10	18	21	28	12	2	51	107	877	6	68	684	6844
653	62799	78842	78844	3	3	657	1	6	10	27	22	36	36	68	163	244	1	11	23	4	22	49	2	238	732	8	84	844	8440
654	62893	78960	78962	3	3	658	1	6	14	2	14	19	56	43	45	357	1	4	6	11	14	50	28	135	62	4	44	440	4409
655	62991	79083	79084	3	3	659	1	8	18	22	14	4	42	94	72	888	7	16	8	11	12	8	80	216	646	4	40	409	4090
656	63079	79195	79197	3	3	660	1	7	11	22	30	11	43	22	30	163	4	14	8	28	33	11	66	90	489	0	9	90	901
657	63183	79323	79325	3	3	661	1	12	1	22	23	16	12	1	34	775	2	3	8	7	5	36	3	102	307	9	90	901	9012
658	63278	79444	79445	3	3	662	1	2	8	19	16	11	54	96	164	567	6	5	28	17	33	44	86	241	692	0	1	12	122
659	63370	79560	79561	3	3	663	1	8	4	23	15	26	12	70	131	862	7	12	11	14	35	36	8	142	568	1	12	122	1224
660	63468	79682	79684	3	3	664	1	15	18	12	9	24	27	37	189	662	11	16	7	27	29	22	10	65	977	2	22	224	2249
661	63566	79805	79807	3	3	665	1	12	3	12	20	36	36	24	81	227	2	9	7	29	22	49	72	243	681	2	24	249	2495
662	63662	79925	79927	3	3	666	1	1	11	13	15	29	32	76	26	987	3	14	10	14	1	37	26	78	943	4	49	495	4953
663	63758	80046	80047	3	3	667	1	5	12	5	23	29	31	97	237	688	15	17	15	7	1	34	89	209	46	9	95	953	9534
664	63842	80155	80163	237	3*79	668	1	7	7	11	20	28	5	8	90	672	10	6	26	28	14	5	78	246	851	5	53	534	5343
665	63949	80286	80288	3	3	669	1	11	4	10	20	41	3	75	70	365	16	12	1	29	37	9	23	210	86	3	34	343	3430
666	64045	80407	80408	3	3	670	1	15	10	3	1	42	40	93	106	405	11	11	9	3	40	2	77	67	206	4	43	430	4301
667	64141	80527	80529	3	3	671	1	5	17	13	18	29	56	62	201	184	15	13	10	23	1	50	85	101	552	3	30	301	3014
668	64234	80645	80647	3	3	672	1	7	4	8	6	20	40	37	107	712	4	12	24	18	17	2	10	70	118	0	1	14	146
669	64330	80766	80767	3	3	673	1	6	14	19	30	4	5	25	181	888	1	4	28	28	12	15	75	41	646	1	14	146	1465
670	64428	80888	80890	3	3	674	1	0	0	13	1	14	34	28	20	619	0	0	10	3	42	43	84	60	848	4	46	465	4654
671	64524	81009	81010	3	3	675	1	2	7	18	5	13	0	30	48	544	6	2	25	15	39	0	90	144	623	6	65	654	6549
672	64618	81127	81128	3	3	676	1	6	5	2	7	11	19	37	153	611	1	15	6	21	33	57	10	208	824	5	54	549	5495
673	64716	81249	81251	3	3	677	1	7	6	18	2	5	50	85	236	584	4	18	25	6	15	32	53	206	743	4	49	495	4958
674	64809	81367	81369	3	3	678	1	13	4	3	6	38	34	1	201	175	5	12	9	18	28	43	3	101	525	9	95	958	9585
675	64907	81490	81492	3	3	679	1	15	18	0	0	8	32	60	235	855	11	16	0	0	24	37	79	203	547	5	58	585	5853
676	65001	81608	81610	3	3	680	1	2	18	26	9	3	57	29	34	868	6	16	20	27	9	53	87	102	586	8	85	853	8537
677	65099	81731	81732	3	3	681	1	11	15	28	5	28	4	62	48	177	16	7	26	15	41	12	85	144	531	5	53	537	5371
678	65195	81851	81853	3	3	682	1	1	13	9	15	35	5	6	167	498	3	1	27	14	19	15	18	250	485	3	37	371	3710
679	65288	81969	81971	3	3	683	1	12	3	8	12	7	22	33	88	839	2	9	24	5	21	7	99	13	499	7	71	710	7105
680	65387	82092	82093	3	3	684	1	3	2	5	13	8	15	16	191	748	9	6	15	8	24	45	48	71	226	1	10	105	1050
681	65482	82212	82214	3	3	685	1	4	7	22	4	31	52	86	24	858	12	2	8	12	7	38	56	72	556	0	5	50	507
682	65578	82333	82334	3	3	686	1	7	12	16	3	5	45	8	207	833	4	17	19	9	15	17	24	119	481	5	50	507	5079
683	65661	82440	82455	24621	3*29*283	687	1	3	13	5	28	15	57	22	158	107	15	18	0	10	31	23	100	120	957	0	7	79	792
684	65765	82569	82570	3	3	688	1	15	2	19	18	37	57	43	202	843	11	6	28	23	25	53	28	104	511	7	79	792	7922
685	65863	82691	82693	3	3	689	1	7	15	4	6	27	46	19	113	233	4	7	12	18	38	20	57	88	699	9	92	922	9227
686	65961	82814	82816	3	3	690	1	12	7	11	17	35	21	81	240	169	2	2	4	20	19	4	41	218	507	2	22	227	2279
687	66057	82934	82936	3	3	691	1	10	16	26	13	25	1	89	128	820	13	10	20	8	32	3	65	133	442	2	27	279	2796
688	66153	83055	83056	3	3	692	1	9	14	16	10	27	29	49	237	854	10	4	19	30	38	28	46	209	544	7	79	796	7968
689	66244	83171	83172	3	3	693	1	2	5	10	20	42	43	22	17	594	6	15	1	29	40	11	66	51	773	9	96	968	9689
690	66345	83296	83297	3	3	694	1	7	18	13	21	5	3	60	172	244	4	16	10	1	15	9	79	14	732	6	68	689	6892
691	66436	83412	83418	57	3*19	695	1	11	6	27	11	2	51	12	235	239	15	0	2	7	28	16	78	92	506	8	89	892	8925
692	66531	83530	83538	177	3*59	696	1	2	12	20	25	23	41	7	84	115	14	15	2	23	29	0	27	59	175	9	92	925	9258
693	66630	83654	83656	3	3	697	1	3	16	26	2	31	29	74	135	396	9	10	20	6	7	28	20	154	179	2	25	258	2589
694	66726	83775	83776	3	3	698	1	2	5	1	8	34	45	15	164	290	6	15	3	24	16	17	45	241	870	5	58	589	5892
695	66824	83897	83899	3	3	699	1	8	5	13	22	36	58	51	157	662	7	15	10	4	22	56	52	220	977	8	89	892	8923
696	66912	84010	84011	3	3	700	1	7	17	19	20	10	50	44	129	759	4	13	28	29	30	32	31	136	259	9	92	923	9235
697	67011	84133	84135	3	3	701	1	10	1	17	20	17	29	28	84	745	13	3	22	29	8	28	84	1	217	2	23	235	2354
698	67111	84258	84260	3	3	702	1	4	7	12	30	30	36	6	207	954	12	2	7	28	4	49	18	119	844	3	35	354	3542
699	67205	84377	84378	3	3	703	1	5	2	11	8	11	8	60	126	165	15	6	4	24	33	24	79	127	495	5	54	542	5420
700	67303	84499	84501	3	3	704	1	16	1	24	11	38	50	76	236	147	14	3	14	2	28	32	26	206	441	4	42	420	4201
701	67394	84615	84619	15	3*5	705	1	13	2	5	6	27	18	25	51	885	8	11	17	28	18	34	72	12	158	2	20	201	2019
702	67495	84740	84742	3	3	706	1	1	16	25	2	31	1	11	138	350	3	10	17	6	7	3	33	163	41	0	1	19	199
703	67590	84860	84862	3	3	707	1	8	5	23	27	1	45	7	212	1003	7	15	11	19	3	17	21	134	991	1	19	199	1995
704	67684	84978	84980	3	3	708	1	10	6	4	13	38	14	2	146	941	13	18	12	8	28	42	6	187	805	9	99	995	9956
705	67782	85101	85103	3	3	709	1	3	11	12	8	30	42	91	100	455	9	14	7	24	4	8	71	49	356	9	95	956	9561
706	67878	85221	85223	3	3	710	1	11	10	26	9	1	10	21	169	876	16	11	20	27	3	30	63	5	610	5	56	561	5611
707	67974	85342	85343	3	3	711	1	7	6	4	13	40	18	6	221	759	4	18	12	8	34	54	18	161	259	6	61	611	6112
708	68070	85462	85464	3	3	712	1	3	18	1	22	18	15	13	67	76	9	16	3	4	11	45	39	201	228	1	11	112	1121
709	68161	85578	85579	3	3	713	1	11	1	6	13	7	9	48	152	261	16	3	18	8	21	27	43	205	783	1	12	121	1212
710	68259	85701	85702	3	3	714	1	7	2	14	24	0	58	65	241	212	4	6	13	10	0	56	94	221	636	2	21	212	2129
711	68357	85823	85825	3	3	715	1	6	13	12	9	19	37	9	151	540	1	1	7	27	14	52	27	202	611	1	12	129	1290
712	68453	85944	85945	3	3	716	1	2	18	11	2	14	44	61	117	37	6	16	4	6	42	14	82	100	111	2	29	290	2902
713	68549	86064	86066	3	3	717	1	16	7	22	3	42	26	7	170	481	14	2	8	9	40	19	21	8	434	9	90	902	9021
714	68640	86180	86181	3	3	718	1	6	16	21	29	15	9	8	250	38	1	10	5	25	2	27	24	248	114	0	2	21	219
715	68740	86305	86306	3	3	719	1	4	8	22	4	16	34	66	156	737	12	5	8	12	5	43	97	217	193	2	21	219	2196
716	68836	86425	86427	3	3	720	1	12	5	7	12	24	48	92	243	490	2	15	21	5	29	26	74	227	461	1	19	196	1960
717	68927	86541	86547	87	3*29	721	1	5	9	10	4	1	12	100	250	445	10	4	0	7	1	41	14	164	373	9	96	960	9608
718	69023	86661	86663	3	3	722	1	5	10	25	12	9	57	61	196	172	15	11	17	5	27	53	82	86	516	6	60	608	6086
719	69121	86784	86785	3	3	723	1	7	6	23	3	14	0	56	33	330	4	18	11	9	42	0	67	99	990	0	8	86	864
720	69219	86907	86908	3	3	724	1	9	12	19	11	5	35	73	144	656	10	17	28	2	15	46	17	181	959	8	86	864	8640
721	69315	87027	87028	3	3	725	1	6	12	16	26	41	5	34	12	795	1	17	19	16	37	15	1	36	367	6	64	640	6403
722	69409	87145	87147	3	3	726	1	6	16	27	2	42	4	87	91	158	1	10	23	6	40	12	59	22	474	4	40	403	4034
723	69507	87268	87269	3	3	727	1	8	10	10	14	40	41	58	134	951	7	11	1	11	34	5	73	151	835	0	3	34	344
724	69600	87386	87387	3	3	728	1	15	11	10	0	3	17	89	185	302	11	14	1	0	9	51	65	53	906	3	34	344	3441
725	69699	87508	87510	3	3	729	1	12	1	8	12	22	35	96	157	579	2	3	24	5	23	46	86	220	728	4	44	441	4418
726	69792	87626	87628	3	3	730	1	14	14	15	17	36	28	71	166	414	8	4	16	20	22	25	11	247	233	4	41	418	4181
727	69890	87749	87751	3	3	731	1	13	0	18	9	39	21	37	69	853	5	0	25	27	31	4	10	207	541	1	18	181	1815
728	69986	87869	87871	3	3	732	1	7	7	12	10	42	40	20	73	847	4	2	7	30	40	2	60	219	523	8	81	815	8159
729	70080	87988	87989	3	3	733	1	16	5	3	17	15	3	6	249	334	14	15	9	20	2	9	18	245	1002	1	15	159	1598
730	70178	88110	88112	3	3	734	1	1	6	15	29	39	14	23	200	212	3	18	16	25	31	42	69	98	636	5	59	598	5981
731	70273	88231	88232	3	3	735	1	5	1	9	12	37	23	93	79	407	15	3	27	5	25	10	77	237	212	9	98	981	9813
732	70369	88351	88353	3	3	736	1	4	18	9	14	7	5	1	175	809	12	16	27	11	21	15	3	23	409	8	81	813	8136
733	70465	88471	88473	3	3	737	1	11	14	25	27	3	17	96	71	259	16	4	17	19	9	51	86	213	777	1	13	136	1362
734	70556	88587	88589	3	3	738	1	4	12	4	24	23	32	90	224	830	12	17	12	10	26	37	68	170	472	3	36	362	3629
735	70654	88710	88711	3	3	739	1	1	14	26	1	14	9	86	245	792	3	4	20	3	42	27	56	233	358	6	62	629	6297
736	70745	88824	88826	3	3	740	1	1	10	10	4	10	34	85	247	736	3	11	1	12	30	43	53	239	190	2	29	297	2977
737	70848	88953	88954	3	3	741	1	13	2	9	27	35	6	98	213	413	5	6	27	19	19	18	92	137	230	9	97	977	9774
738	70944	89073	89075	3	3	742	1	0	7	19	11	6	42	26	48	515	0	2	28	2	18	8	78	144	536	7	77	774	7747
739	71033	89187	89188	3	3	743	1	6	8	5	25	13	6	53	45	184	1	5	15	13	39	18	58	135	552	7	74	747	7477
740	71136	89314	89315	3	3	744	1	13	6	21	15	35	43	53	153	404	5	18	5	14	19	11	58	208	203	4	47	477	4771
741	71232	89434	89436	3	3	745	1	7	12	21	23	23	16	99	103	779	4	17	5	7	26	48	95	58	319	7	77	771	7713
742	71328	89555	89556	3	3	746	1	14	18	28	1	42	18	61	177	283	8	16	26	3	40	54	82	29	849	7	71	713	7130
743	71421	89673	89674	3	3	747	1	3	9	24	12	19	27	68	196	852	9	8	14	5	14	22	2	86	538	1	13	130	1309
744	71517	89793	89795	3	3	748	1	2	7	23	13	8	49	29	159	95	6	2	11	8	24	29	87	226	285	3	30	309	3099
745	71615	89916	89917	3	3	749	1	11	14	4	19	40	7	89	132	709	16	4	12	26	34	21	65	145	109	0	9	99	996
746	71711	90036	90038	3	3	750	1	1	11	6	11	5	21	16	176	752	3	14	18	2	15	4	48	26	238	9	99	996	9960
747	71804	90154	90156	3	3	751	1	12	15	1	20	38	57	19	136	413	2	7	3	29	28	53	57	157	230	9	96	960	9605
748	71898	90273	90278	57	3*19	752	1	10	7	0	10	39	54	42	131	125	9	0	0	12	30	10	71	188	62	6	60	605	6051
749	71996	90395	90396	3	3	753	1	11	1	28	26	17	39	70	2	699	16	3	26	16	8	58	8	6	79	0	5	51	518
750	72094	90518	90519	3	3	754	1	7	4	13	25	41	38	92	15	0	4	12	10	13	37	55	74	45	0	5	51	518	5187
751	72183	90631	90637	87	3*29	755	1	10	10	0	13	23	46	32	233	658	3	15	0	15	23	49	57	191	742	1	18	187	1870
752	72286	90758	90760	3	3	756	1	1	5	18	5	29	0	85	5	455	3	15	25	15	1	0	53	15	356	8	87	870	8707
753	72382	90879	90880	3	3	757	1	1	16	13	15	9	25	92	79	518	3	10	10	14	27	16	74	237	545	7	70	707	7072
754	72475	90997	90998	3	3	758	1	16	5	4	26	29	29	26	72	643	14	15	12	16	1	28	78	216	920	0	7	72	721
755	72573	91119	91121	3	3	759	1	10	7	3	11	13	51	88	115	211	13	2	9	2	39	35	62	94	633	7	72	721	7211
756	72669	91240	91241	3	3	760	1	9	10	27	18	1	32	93	123	47	10	11	23	23	3	37	77	118	141	2	21	211	2113
757	72765	91360	91362	3	3	761	1	16	1	3	25	41	13	60	51	582	14	3	9	13	37	39	79	153	737	1	11	113	1134
758	72861	91480	91482	3	3	762	1	7	12	6	15	35	19	37	210	120	4	17	18	14	19	57	10	128	360	1	13	134	1349
759	72950	91594	91595	3	3	763	1	15	17	23	22	37	37	47	19	400	11	13	11	4	25	52	40	57	191	3	34	349	3499
760	73048	91717	91718	3	3	764	1	2	4	3	14	13	30	83	112	918	6	12	9	11	39	31	47	85	736	4	49	499	4999
761	73148	91842	91843	3	3	765	1	15	11	9	7	30	52	77	163	785	11	14	27	21	4	38	29	238	337	9	99	999	9999
762	73244	91962	91963	3	3	766	1	10	11	17	14	6	5	95	171	627	13	14	22	11	18	15	83	11	872	9	99	999	9999
763	73340	92082	92084	3	3	767	1	8	10	28	21	18	49	100	9	283	7	11	26	1	11	29	98	27	849	9	99	999	9999
764	73431	92198	92200	3	3	768	1	3	1	24	13	30	8	78	178	80	9	3	14	8	4	24	32	32	240	9	99	999	9998
765	73531	92323	92325	3	3	769	1	12	18	2	10	6	33	61	78	100	2	16	6	30	18	40	82	234	300	9	99	998	9983
766	73627	92443	92445	3	3	770	1	4	6	8	9	31	13	22	62	966	12	18	24	27	7	39	66	186	880	9	98	983	9837
767	73723	92564	92565	3	3	771	1	8	10	22	0	42	37	0	183	319	7	11	8	0	40	52	0	47	957	8	83	837	8372
768	73817	92682	92683	3	3	772	1	10	14	2	25	26	22	2	215	343	13	4	6	13	35	7	6	143	20	3	37	372	3729
769	73912	92802	92804	3	3	773	1	14	15	25	20	14	52	50	2	270	8	7	17	29	42	38	49	6	810	7	72	729	7297
770	74011	92925	92926	3	3	774	1	1	7	5	0	32	57	84	27	18	3	2	15	0	10	53	50	81	54	2	29	297	2978
771	74106	93045	93047	3	3	775	1	8	1	7	15	0	58	74	143	317	7	3	21	14	0	56	20	178	951	9	97	978	9780
772	74200	93163	93165	3	3	776	1	10	13	15	3	39	15	30	25	663	13	1	16	9	31	45	90	75	980	7	78	780	7804
773	74298	93286	93287	3	3	777	1	3	5	7	16	27	54	100	40	274	9	15	21	17	38	44	98	120	822	8	80	804	8049
774	74392	93404	93406	3	3	778	1	9	18	24	29	3	44	49	242	67	10	16	14	25	9	14	46	224	201	0	4	49	499
775	74490	93527	93528	3	3	779	1	7	3	22	3	29	38	18	98	181	4	9	8	9	1	55	54	43	543	4	49	499	4995
776	74575	93637	93638	3	3	780	1	4	4	25	22	17	5	2	219	797	12	12	17	4	8	15	6	155	373	9	99	995	9951
777	74681	93767	93769	3	3	781	1	3	12	25	25	6	14	98	12	806	9	17	17	13	18	42	92	36	400	9	95	951	9510
778	74777	93888	93889	3	3	782	1	1	12	19	28	34	13	12	17	47	3	17	28	22	16	39	36	51	141	5	51	510	5105
779	74871	94006	94007	3	3	783	1	8	16	3	18	13	29	66	152	427	7	10	9	23	39	28	97	205	272	1	10	105	1059
780	74969	94128	94130	3	3	784	1	2	10	18	7	26	12	37	49	831	6	11	25	21	35	36	10	147	475	0	5	59	597
781	75065	94249	94250	3	3	785	1	16	17	19	14	9	12	52	71	123	14	13	28	11	27	36	55	213	369	5	59	597	5973
782	75160	94369	94371	3	3	786	1	14	1	6	22	34	52	13	40	598	8	3	18	4	16	38	39	120	785	9	97	973	9731
783	75256	94490	94491	3	3	787	1	4	13	28	25	31	2	82	71	402	12	1	26	13	7	6	44	213	197	7	73	731	7317
784	75347	94605	94607	3	3	788	1	10	0	2	1	6	18	21	56	111	13	0	6	3	18	54	63	168	333	3	31	317	3173
785	75446	94728	94730	3	3	789	1	12	9	11	29	41	13	3	227	824	2	8	4	25	37	39	9	179	454	1	17	173	1732
786	75544	94851	94852	3	3	790	1	6	6	1	2	33	2	65	171	530	1	18	3	6	13	6	94	11	581	7	73	732	7328
787	75640	94971	94973	3	3	791	1	1	6	24	30	23	20	89	199	88	3	18	14	28	26	1	65	95	264	3	32	328	3281
788	75735	95091	95093	3	3	792	1	9	1	7	29	7	58	11	82	520	10	3	21	25	21	56	33	246	551	2	28	281	2816
789	75827	95207	95209	3	3	793	1	5	3	2	11	18	41	80	114	450	15	9	6	2	11	5	38	91	341	8	81	816	8160
790	75927	95332	95334	3	3	794	1	13	14	11	15	5	25	22	4	134	5	4	4	14	15	16	66	12	402	1	16	160	1609
791	76023	95452	95454	3	3	795	1	8	15	27	12	22	57	7	127	301	7	7	23	5	23	53	21	130	903	6	60	609	6096
792	76119	95573	95574	3	3	796	1	7	13	0	25	37	5	0	94	585	4	1	0	13	25	15	0	31	746	0	9	96	963
793	76212	95691	95692	3	3	797	1	16	3	22	16	5	23	36	121	777	14	9	8	17	15	10	7	112	313	9	96	963	9631
794	76308	95811	95813	3	3	798	1	14	8	13	7	32	26	11	82	868	8	5	10	21	10	19	33	246	586	6	63	631	6318
795	76406	95934	95935	3	3	799	1	13	7	17	22	6	27	23	72	938	5	2	22	4	18	22	69	216	796	3	31	318	3185
796	76502	96054	96056	3	3	800	1	7	12	2	8	39	43	90	160	326	4	17	6	24	31	11	68	229	978	1	18	185	1859
797	76595	96172	96174	3	3	801	1	16	5	24	22	19	21	26	38	828	14	15	14	4	14	4	78	114	466	8	85	859	8595
798	76694	96295	96297	3	3	802	1	1	12	1	10	33	15	79	223	758	3	17	3	30	13	45	35	167	256	5	59	595	5950
799	76787	96413	96415	3	3	803	1	1	15	5	27	27	53	20	210	648	3	7	15	19	38	41	60	128	935	9	95	950	9502
800	76885	96536	96537	3	3	804	1	4	7	12	30	40	7	76	104	644	12	2	7	28	34	21	26	61	923	5	50	502	5024
801	76979	96654	96655	3	3	805	1	9	7	6	21	25	30	2	109	768	10	2	18	1	32	31	6	76	286	0	2	24	244
802	77077	96776	96778	3	3	806	1	15	14	12	15	21	45	89	179	300	11	4	7	14	20	17	65	35	900	2	24	244	2445
803	77173	96897	96898	3	3	807	1	5	11	21	30	27	16	70	127	505	15	14	5	28	38	48	8	130	506	4	44	445	4459
804	77266	97015	97016	3	3	808	1	7	15	19	3	37	54	54	134	448	4	7	28	9	25	44	61	151	335	4	45	459	4594
805	77360	97133	97139	57	3*19	809	1	15	8	1	28	42	50	29	74	413	5	0	28	15	29	18	37	202	334	5	59	594	5945
806	77460	97258	97260	3	3	810	1	0	5	24	3	41	2	10	242	464	0	15	14	9	37	6	30	224	383	9	94	945	9455
807	77556	97378	97380	3	3	811	1	2	4	11	30	14	56	51	224	208	6	12	4	28	42	50	52	170	624	4	45	455	4553
808	77652	97499	97500	3	3	812	1	13	6	20	22	20	40	21	77	2	5	18	2	4	17	2	63	231	6	5	55	553	5534
809	77743	97614	97616	3	3	813	1	3	4	27	9	5	0	75	67	261	9	12	23	27	15	0	23	201	783	5	53	534	5346
810	77841	97737	97739	3	3	814	1	13	7	9	9	40	6	43	176	879	5	2	27	27	34	18	28	26	619	3	34	346	3469
811	77939	97860	97861	3	3	815	1	15	6	16	9	25	38	69	203	1007	11	18	19	27	32	55	5	107	1003	4	46	469	4690
812	78035	97980	97982	3	3	816	1	10	7	28	23	32	16	76	208	883	13	2	26	7	10	48	26	122	631	6	69	690	6908
813	78131	98100	98102	3	3	817	1	11	10	2	16	2	2	73	114	3	16	11	6	17	6	6	17	91	9	9	90	908	9083
814	78222	98216	98218	3	3	818	1	15	16	12	15	23	0	1	8	189	11	10	7	14	26	0	3	24	567	0	8	83	830
815	78323	98341	98343	3	3	819	1	9	12	6	14	32	38	18	245	646	10	17	18	11	10	55	54	233	929	8	83	830	8302
816	78410	98454	98455	3	3	820	1	3	17	16	15	38	34	51	13	987	9	13	19	14	28	43	52	39	943	3	30	302	3026
817	78514	98582	98584	3	3	821	1	4	5	3	15	32	54	69	244	287	12	15	9	14	10	44	5	230	861	0	2	26	264
818	78603	98695	98702	87	3*29	822	1	14	12	6	7	34	35	40	43	669	11	18	0	20	34	36	46	227	690	2	26	264	2642
819	78703	98820	98822	3	3	823	1	1	6	23	26	4	14	64	61	521	3	18	11	16	12	42	91	183	554	6	64	642	6425
820	78802	98943	98945	3	3	824	1	1	10	22	20	28	21	87	163	440	3	11	8	29	41	4	59	238	311	4	42	425	4252
821	78897	99063	99065	3	3	825	1	1	6	25	1	2	15	100	65	829	3	18	17	3	6	45	98	195	469	2	25	252	2522
822	78989	99179	99181	3	3	826	1	10	3	0	28	1	3	4	13	828	13	9	0	22	3	9	12	39	466	5	52	522	5223
823	79089	99304	99306	3	3	827	1	10	6	24	30	40	40	92	236	683	13	18	14	28	34	2	74	206	31	2	22	223	2230
824	79183	99422	99424	3	3	828	1	12	2	15	30	23	12	100	11	717	2	6	16	28	26	36	98	33	133	2	23	230	2308
825	79281	99545	99546	3	3	829	1	16	13	18	1	19	57	90	105	1	14	1	25	3	14	53	68	64	3	3	30	308	3082
826	79372	99661	99664	15	3*5	830	1	3	3	25	25	34	34	47	61	147	11	7	27	3	37	38	99	162	187	0	8	82	825
827	79472	99786	99787	3	3	831	1	5	7	1	4	24	40	59	140	620	15	2	3	12	29	2	76	169	851	8	82	825	8253
828	79568	99906	99908	3	3	832	1	16	1	15	2	30	21	2	65	338	14	3	16	6	4	4	6	195	5	2	25	253	2533
829	79662	100024	100026	3	3	833	1	3	13	26	6	17	44	51	140	409	9	1	20	18	8	14	52	169	218	5	53	533	5334
830	79760	100147	100148	3	3	834	1	10	5	4	0	33	41	77	87	358	13	15	12	0	13	5	29	10	65	3	33	334	3344
831	79850	100261	100269	201	3*67	835	1	9	9	8	9	17	6	97	63	357	7	4	13	11	20	26	4	113	118	3	34	344	3446
832	79951	100387	100389	3	3	836	1	7	3	6	5	21	11	99	0	483	4	9	18	15	20	33	95	0	440	4	44	446	4468
833	80047	100508	100509	3	3	837	1	12	11	11	15	6	43	98	95	905	2	14	4	14	18	11	92	34	697	4	46	468	4685
834	80138	100623	100625	3	3	838	1	9	2	9	21	2	20	78	126	373	10	6	27	1	6	1	32	127	110	6	68	685	6850
835	80237	100746	100748	3	3	839	1	5	10	26	15	41	29	94	117	928	15	11	20	14	37	28	80	100	766	8	85	850	8503
836	80328	100862	100870	249	3*83	840	1	9	6	12	12	1	8	64	44	587	14	12	1	12	34	45	79	163	867	5	50	503	5035
837	80431	100989	100991	3	3	841	1	2	10	27	3	37	12	100	127	659	6	11	23	9	25	36	98	130	968	0	3	35	352
838	80526	101110	101111	3	3	842	1	1	17	24	24	35	33	44	52	4	3	13	14	10	19	40	31	156	12	3	35	352	3526
839	80618	101225	101227	3	3	843	1	1	16	5	18	1	23	3	20	564	3	10	15	23	3	10	9	60	683	5	52	526	5261
840	80718	101350	101352	3	3	844	1	16	13	15	30	41	52	76	198	871	14	1	16	28	37	38	26	92	595	2	26	261	2619
841	80814	101471	101472	3	3	845	1	3	0	2	17	21	3	90	154	473	9	0	6	20	20	9	68	211	410	6	61	619	6193
842	80910	101591	101593	3	3	846	1	11	7	14	13	10	26	61	79	629	16	2	13	8	30	19	82	237	878	1	19	193	1931
843	81001	101707	101708	3	3	847	1	3	1	18	19	30	36	14	210	296	9	3	25	26	4	49	42	128	888	9	93	931	9311
844	81099	101829	101831	3	3	848	1	4	5	11	7	25	23	28	65	293	12	15	4	21	32	10	84	195	879	3	31	311	3118
845	81197	101952	101954	3	3	849	1	3	1	4	21	8	43	44	190	528	9	3	12	1	24	11	31	68	575	1	11	118	1188
846	81293	102072	102074	3	3	850	1	1	18	10	23	34	5	86	197	979	3	16	1	7	16	15	56	89	919	1	18	188	1881
847	81386	102191	102192	3	3	851	1	8	18	11	16	7	35	55	224	88	7	16	4	17	21	46	64	170	264	8	88	881	8817
848	81485	102313	102315	3	3	852	1	2	15	21	10	8	19	56	197	253	6	7	5	30	24	57	67	89	759	8	81	817	8171
849	81578	102431	102433	3	3	853	1	10	14	1	8	41	32	86	178	401	13	4	3	24	37	37	56	32	194	1	17	171	1710
850	81676	102554	102556	3	3	854	1	14	15	24	22	29	22	8	116	638	8	7	14	4	1	7	24	97	905	7	71	710	7101
851	81770	102672	102674	3	3	855	1	11	8	1	26	1	48	32	121	791	16	5	3	16	3	26	96	112	355	1	10	101	1010
852	81863	102790	102796	87	3*29	856	1	1	14	12	29	8	13	44	144	999	2	2	0	12	8	10	91	229	139	0	1	10	100
853	81964	102915	102917	3	3	857	1	9	12	24	30	37	26	60	233	756	10	17	14	28	25	19	79	197	250	1	10	100	1000
854	82057	103033	103035	3	3	858	1	8	5	9	8	7	46	61	232	91	7	15	27	24	21	20	82	194	273	0	0	0	3
855	82155	103156	103157	3	3	859	1	1	12	7	11	22	32	74	6	623	3	17	21	2	23	37	20	18	860	0	0	3	31
856	82243	103268	103270	3	3	860	1	9	12	8	4	28	31	87	38	462	10	17	24	12	41	34	59	114	377	0	3	31	313
857	82347	103396	103398	3	3	861	1	6	7	10	2	12	19	85	104	350	1	2	1	6	36	57	53	61	41	3	31	313	3137
858	82443	103517	103518	3	3	862	1	13	16	22	27	0	14	75	207	276	5	10	8	19	0	42	23	119	828	1	13	137	1378
859	82534	103633	103634	3	3	863	1	1	15	5	15	29	28	47	61	88	3	7	15	14	1	25	40	183	264	3	37	378	3783
860	82632	103755	103757	3	3	864	1	15	6	16	14	17	14	37	189	53	11	18	19	11	8	42	10	65	159	7	78	783	7838
861	82730	103878	103880	3	3	865	1	12	18	19	9	30	50	75	140	829	2	16	28	27	4	32	23	169	469	8	83	838	8387
862	82822	103994	104000	57	3*19	866	1	1	9	15	17	21	36	27	75	273	6	0	14	8	36	46	24	8	426	3	38	387	3875
863	82922	104119	104120	3	3	867	1	13	5	2	22	11	33	44	76	270	5	15	6	4	33	40	31	228	810	8	87	875	8752
864	83011	104232	104234	3	3	868	1	4	9	11	15	12	54	90	224	935	12	8	4	14	36	44	68	170	787	7	75	752	7528
865	83114	104359	104361	3	3	869	1	12	6	13	27	0	54	5	238	766	2	18	10	19	0	44	15	212	280	5	52	528	5288
866	83209	104480	104481	3	3	870	1	1	5	5	9	1	57	16	143	122	3	15	15	27	3	53	48	178	366	2	28	288	2886
867	83305	104600	104602	3	3	871	1	5	16	4	2	39	32	67	51	720	15	10	12	6	31	37	100	153	142	8	88	886	8865
868	83399	104718	104720	3	3	872	1	11	5	2	13	8	19	18	156	451	16	15	6	8	24	57	54	217	344	8	86	865	8658
869	83488	104832	104840	219	3*73	873	1	12	16	7	16	18	36	49	224	518	10	8	25	1	29	37	25	111	434	6	65	658	6587
870	83593	104961	104963	3	3	874	1	15	10	13	4	26	26	78	22	305	11	11	10	12	35	19	32	66	915	5	58	587	5875
871	83688	105082	105083	3	3	875	1	5	1	11	12	32	16	81	132	56	15	3	4	5	10	48	41	145	168	8	87	875	8753
872	83782	105200	105201	3	3	876	1	7	10	19	17	34	47	58	186	629	4	11	28	20	16	23	73	56	878	7	75	753	7533
873	83880	105322	105324	3	3	877	1	13	16	13	21	33	39	44	179	535	5	10	10	1	13	58	31	35	596	5	53	533	5332
874	83974	105440	105442	3	3	878	1	0	1	21	3	13	33	10	70	867	0	3	5	9	39	40	30	210	583	3	33	332	3320
875	84072	105563	105565	3	3	879	1	2	11	10	11	29	20	17	2	164	6	14	1	2	1	1	51	6	492	3	32	320	3208
876	84165	105681	105683	3	3	880	1	6	6	21	30	15	29	68	14	639	1	18	5	28	2	28	2	42	908	2	20	208	2083
877	84263	105804	105805	3	3	881	1	7	10	15	10	8	38	27	132	564	4	11	16	30	24	55	81	145	683	0	8	83	838
878	84359	105924	105926	3	3	882	1	14	6	0	14	24	38	66	184	378	8	18	0	11	29	55	97	50	125	8	83	838	8381
879	84453	106042	106044	3	3	883	1	3	15	26	0	12	9	48	33	639	9	7	20	0	36	27	43	99	908	3	38	381	3814
880	84551	106165	106166	3	3	884	1	10	6	28	12	37	15	85	40	811	13	18	26	5	25	45	53	120	415	8	81	814	8142
881	84647	106285	106287	3	3	885	1	11	10	9	23	27	17	37	223	577	16	11	27	7	38	51	10	167	722	1	14	142	1420
882	84742	106406	106407	3	3	886	1	1	13	11	9	29	15	95	187	654	3	1	4	27	1	45	83	59	953	4	42	420	4206
883	84838	106526	106527	3	3	887	1	9	18	5	10	5	4	86	133	99	10	16	15	30	15	12	56	148	297	2	20	206	2061
884	84925	106637	106639	3	3	888	1	12	6	5	17	24	13	60	174	497	2	18	15	20	29	39	79	20	482	0	6	61	617
885	85023	106760	106761	3	3	889	1	12	7	5	29	6	18	60	144	828	2	2	15	25	18	54	79	181	466	6	61	617	6171
886	85121	106882	106889	87	3*29	890	1	2	16	27	25	4	7	67	85	203	4	5	0	5	4	19	72	116	508	1	17	171	1717
887	85222	107007	107009	3	3	891	1	5	5	11	14	18	34	83	180	140	15	15	4	11	11	43	47	38	420	7	71	717	7177
888	85317	107128	107129	3	3	892	1	1	14	20	27	14	12	45	117	227	3	4	2	19	42	36	34	100	681	1	17	177	1776
889	85409	107243	107245	3	3	893	1	15	10	19	24	19	34	12	46	644	11	11	28	10	14	43	36	138	923	7	77	776	7766
890	85509	107368	107370	3	3	894	1	12	11	26	5	1	48	83	97	43	2	14	20	15	3	26	47	40	129	7	76	766	7669
891	85605	107489	107490	3	3	895	1	10	12	16	26	9	9	51	64	416	13	17	19	16	27	27	52	192	239	6	66	669	6691
892	85701	107609	107611	3	3	896	1	9	12	18	27	3	36	36	90	394	10	17	25	19	9	49	7	19	173	6	69	691	6914
893	85794	107727	107729	3	3	897	1	10	16	20	27	9	16	93	64	466	13	10	2	19	27	48	77	192	389	9	91	914	9147
894	85890	107848	107849	3	3	898	1	15	2	4	5	12	3	40	187	619	11	6	12	15	36	9	19	59	848	1	14	147	1473
895	85980	107962	107964	3	3	899	1	5	5	7	19	35	42	34	32	579	15	15	21	26	19	8	1	96	728	4	47	473	4730
896	86084	108091	108092	3	3	900	1	16	1	14	23	42	5	82	159	286	14	3	13	7	40	15	44	226	858	7	73	730	7303
897	86177	108209	108210	3	3	901	1	3	14	1	25	22	50	29	162	50	9	4	3	13	23	32	87	235	150	3	30	303	3035
898	86276	108331	108333	3	3	902	1	10	0	13	29	42	57	98	80	813	13	0	10	25	40	53	92	240	421	0	3	35	359
899	86369	108449	108451	3	3	903	1	5	9	15	13	17	51	76	249	673	15	8	16	8	8	35	26	245	1	3	35	359	3598
900	86467	108572	108574	3	3	904	1	7	6	19	19	11	42	69	229	568	4	18	28	26	33	8	5	185	695	5	59	598	5982
901	86561	108690	108692	3	3	905	1	16	5	14	27	18	53	58	20	964	14	15	13	19	11	41	73	60	874	9	98	982	9825
902	86659	108813	108814	3	3	906	1	4	1	26	7	2	36	2	24	951	12	3	20	21	6	49	6	72	835	8	82	825	8253
903	86755	108933	108935	3	3	907	1	8	18	24	4	14	44	86	128	738	7	16	14	12	42	14	56	133	196	2	25	253	2534
904	86848	109051	109053	3	3	908	1	10	18	25	26	31	28	59	80	78	13	16	17	16	7	25	76	240	234	5	53	534	5349
905	86946	109174	109175	3	3	909	1	2	15	25	25	33	41	7	213	95	6	7	17	13	13	5	21	137	285	3	34	349	3490
906	87042	109294	109296	3	3	910	1	1	13	23	25	1	7	22	184	937	3	1	11	13	3	21	66	50	793	4	49	490	4904
907	87138	109415	109416	3	3	911	1	8	15	20	5	18	9	10	123	953	7	7	2	15	11	27	30	118	841	9	90	904	9042
908	87234	109535	109537	3	3	912	1	16	2	12	15	30	40	49	221	691	14	6	7	14	4	2	46	161	55	0	4	42	428
909	87325	109651	109652	3	3	913	1	11	17	8	30	17	44	20	162	718	16	13	24	28	8	14	60	235	136	4	42	428	4287
910	87423	109773	109775	3	3	914	1	9	10	24	27	27	40	66	112	696	10	11	14	19	38	2	97	85	70	2	28	287	2875
911	87521	109896	109898	3	3	915	1	7	6	1	18	27	16	27	229	533	4	18	3	23	38	48	81	185	590	8	87	875	8755
912	87617	110016	110018	3	3	916	1	3	12	5	25	35	54	30	238	498	9	17	15	13	19	44	90	212	485	7	75	755	7554
913	87713	110137	110138	3	3	917	1	3	18	12	15	1	37	54	78	307	9	16	7	14	3	52	61	234	921	5	55	554	5546
914	87804	110253	110254	3	3	918	1	15	17	26	17	11	23	82	184	265	11	13	20	20	33	10	44	50	795	5	54	546	5468
915	87905	110378	110379	3	3	919	1	6	16	11	9	36	42	69	34	248	1	10	4	27	22	8	5	102	744	4	46	468	4687
916	88000	110498	110499	3	3	920	1	2	14	22	7	2	21	40	176	313	6	4	8	21	6	4	19	26	939	6	68	687	6873
917	88096	110618	110620	3	3	921	1	16	11	3	14	3	6	40	129	622	14	14	9	11	9	18	19	136	857	8	87	873	8731
918	88190	110736	110738	3	3	922	1	13	15	16	29	21	17	0	12	848	5	7	19	25	20	51	0	36	526	7	73	731	7311
919	88281	110852	110858	57	3*19	923	1	14	2	19	23	35	2	78	83	220	16	0	10	9	17	55	2	213	432	3	31	311	3115
920	88379	110974	110981	87	3*29	924	1	1	10	1	26	26	14	38	91	271	2	15	0	30	26	38	74	136	370	1	11	115	1159
921	88479	111100	111101	3	3	925	1	9	4	16	9	6	36	74	15	182	10	12	19	27	18	49	20	45	546	1	15	159	1595
922	88573	111218	111219	3	3	926	1	8	5	23	0	10	24	60	108	283	7	15	11	0	30	13	79	73	849	5	59	595	5956
923	88671	111340	111342	3	3	927	1	1	5	19	1	27	19	57	222	840	3	15	28	3	38	57	70	164	502	9	95	956	9562
924	88765	111458	111460	3	3	928	1	12	7	9	20	6	50	80	2	585	2	2	27	29	18	32	38	6	746	5	56	562	5628
925	88863	111581	111583	3	3	929	1	6	6	19	0	41	2	30	110	96	1	18	28	0	37	6	90	79	288	6	62	628	6286
926	88956	111699	111701	3	3	930	1	6	9	2	3	5	25	1	3	301	1	8	6	9	15	16	3	9	903	2	28	286	2863
927	89054	111822	111823	3	3	931	1	8	10	21	15	35	6	82	63	549	7	11	5	14	19	18	44	189	638	8	86	863	8638
928	89150	111942	111944	3	3	932	1	7	1	8	16	37	23	98	38	306	4	3	24	17	25	10	92	114	918	6	63	638	6388
929	89244	112060	112062	3	3	933	1	16	10	15	29	34	12	49	144	68	14	11	16	25	16	36	46	181	204	3	38	388	3882
930	89342	112183	112185	3	3	934	1	2	16	18	3	13	23	65	78	825	6	10	25	9	39	10	94	234	457	8	88	882	8823
931	89438	112303	112305	3	3	935	1	13	5	12	2	33	54	60	197	53	5	15	7	6	13	44	79	89	159	8	82	823	8235
932	89533	112424	112425	3	3	936	1	7	11	15	25	38	36	39	154	412	4	14	16	13	28	49	16	211	227	2	23	235	2353
933	89629	112544	112546	3	3	937	1	12	11	15	28	32	34	60	86	292	2	14	16	22	10	43	79	7	876	3	35	353	3537
934	89720	112660	112661	3	3	938	1	15	8	5	16	36	30	23	157	58	11	5	15	17	22	31	69	220	174	5	53	537	5378
935	89811	112775	112776	3	3	939	1	1	16	16	15	19	27	54	127	110	3	10	19	14	14	22	61	130	330	3	37	378	3787
936	89917	112905	112907	3	3	940	1	4	18	25	14	32	58	69	181	740	12	16	17	11	10	56	5	41	202	7	78	787	7875
937	90013	113025	113027	3	3	941	1	11	6	13	22	8	24	52	156	389	16	18	10	4	24	13	55	217	158	8	87	875	8759
938	90108	113146	113147	3	3	942	1	15	10	14	25	14	1	80	66	551	11	11	13	13	42	3	38	198	644	7	75	759	7593
939	90200	113262	113263	3	3	943	1	7	18	26	1	18	37	53	90	673	4	16	20	3	11	52	58	19	1	5	59	593	5937
940	90300	113387	113388	3	3	944	1	1	18	9	21	17	33	75	28	153	3	16	27	1	8	40	23	84	459	9	93	937	9375
941	90396	113507	113509	3	3	945	1	13	7	19	2	2	14	61	44	698	5	2	28	6	6	42	82	132	76	3	37	375	3751
942	90492	113627	113629	3	3	946	1	0	1	16	30	8	13	72	94	255	0	3	19	28	24	39	14	31	765	7	75	751	7519
943	90585	113745	113747	3	3	947	1	14	13	10	12	17	24	36	59	861	8	1	1	5	8	13	7	177	565	5	51	519	5195
944	90681	113866	113867	3	3	948	1	6	1	10	24	35	28	29	66	466	1	3	1	10	19	25	87	198	389	1	19	195	1957
945	90779	113988	113990	3	3	949	1	7	14	28	15	33	6	93	188	189	4	4	26	14	13	18	77	62	567	9	95	957	9577
946	90875	114109	114110	3	3	950	1	14	3	4	12	5	9	64	166	512	8	9	12	5	15	27	91	247	527	5	57	577	5778
947	90966	114224	114226	3	3	951	1	4	5	22	1	22	15	57	3	887	12	15	8	3	23	45	70	9	643	7	77	778	7781
948	91067	114349	114351	3	3	952	1	10	12	4	18	37	18	6	209	766	13	17	12	23	25	54	18	125	280	7	78	781	7818
949	91160	114468	114469	3	3	953	1	9	10	7	7	23	2	30	58	878	10	11	21	21	26	6	90	174	616	8	81	818	8185
950	91258	114590	114592	3	3	954	1	1	4	5	22	29	29	48	27	270	3	12	15	4	1	28	43	81	810	1	18	185	1857
951	91349	114706	114710	15	3*5	955	1	16	8	0	9	31	1	19	85	868	2	6	0	11	35	15	83	20	912	8	85	857	8577
952	91450	114831	114833	3	3	956	1	3	17	24	17	34	44	52	171	732	9	13	14	20	16	14	55	11	178	5	57	577	5778
953	91546	114951	114953	3	3	957	1	4	1	13	10	4	11	68	130	837	12	3	10	30	12	33	2	139	493	7	77	778	7780
954	91634	115064	115071	87	3*29	958	1	14	9	9	2	13	12	98	28	563	11	4	0	19	13	41	42	177	549	7	78	780	7805
955	91737	115192	115194	3	3	959	1	5	0	18	30	9	21	5	95	12	15	0	25	28	27	4	15	34	36	8	80	805	8053
956	91833	115312	115314	3	3	960	1	1	7	13	12	4	16	1	58	974	3	2	10	5	12	48	3	174	904	0	5	53	532
957	91929	115433	115434	3	3	961	1	1	6	20	15	6	31	27	243	894	3	18	2	14	18	34	81	227	664	5	53	532	5321
958	92025	115553	115555	3	3	962	1	12	6	3	30	16	25	52	21	265	2	18	9	28	5	16	55	63	795	3	32	321	3217
959	92116	115669	115670	3	3	963	1	14	16	15	13	40	23	18	48	531	8	10	16	8	34	10	54	144	584	2	21	217	2171
960	92214	115792	115793	3	3	964	1	12	15	18	1	1	12	33	223	32	2	7	25	3	3	36	99	167	96	1	17	171	1712
961	92312	115914	115916	3	3	965	1	16	14	6	3	34	14	84	229	502	14	4	18	9	16	42	50	185	497	7	71	712	7122
962	92408	116035	116036	3	3	966	1	7	15	4	30	36	49	77	39	100	4	7	12	28	22	29	29	117	300	1	12	122	1226
963	92504	116155	116157	3	3	967	1	5	13	17	22	29	3	87	198	712	15	1	22	4	1	9	59	92	118	2	22	226	2268
964	92595	116271	116272	3	3	968	1	2	12	5	9	39	11	19	78	610	6	17	15	27	31	33	57	234	821	2	26	268	2680
965	92696	116396	116397	3	3	969	1	15	2	17	14	2	6	66	30	603	11	6	22	11	6	18	97	90	800	6	68	680	6806
966	92791	116516	116518	3	3	970	1	10	7	28	9	41	49	4	145	494	13	2	26	27	37	29	12	184	473	8	80	806	8066
967	92887	116636	116638	3	3	971	1	8	12	20	23	42	33	84	4	490	7	17	2	7	40	40	50	12	461	0	6	66	661
968	92978	116752	116754	3	3	972	1	3	1	14	18	39	41	0	223	695	9	3	13	23	31	5	0	167	67	6	66	661	6613
969	93076	116875	116876	3	3	973	1	16	10	19	13	20	48	68	199	211	14	11	28	8	17	26	2	95	633	6	61	613	6130
970	93175	116997	116999	3	3	974	1	4	18	22	14	20	11	58	248	319	12	16	8	11	17	33	73	242	957	1	13	130	1300
971	93270	117118	117119	3	3	975	1	8	7	10	20	14	15	24	107	602	7	2	1	29	42	45	72	70	797	3	30	300	3001
972	93364	117236	117237	3	3	976	1	10	7	25	3	37	12	54	122	658	13	2	17	9	25	36	61	115	965	0	0	1	19
973	93462	117359	117360	3	3	977	1	2	14	5	23	12	48	33	226	121	6	4	15	7	36	26	99	176	363	0	1	19	192
974	93556	117477	117478	3	3	978	1	7	6	13	26	1	42	47	171	19	4	18	10	16	3	8	40	11	57	1	19	192	1927
975	93646	117591	117593	3	3	979	1	8	12	19	15	33	17	39	186	738	7	17	28	14	13	51	16	56	196	9	92	927	9278
976	93743	117713	117719	57	3*19	980	1	5	6	19	16	20	1	76	151	154	13	0	10	13	22	57	90	73	706	2	27	278	2787
977	93845	117840	117842	3	3	981	1	3	5	4	18	15	4	100	54	930	9	15	12	23	2	12	98	162	772	7	78	787	7876
978	93941	117960	117962	3	3	982	1	11	4	22	30	28	10	30	236	274	16	12	8	28	41	30	90	206	822	8	87	876	8766
979	94035	118078	118080	3	3	983	1	15	5	1	30	7	11	28	229	808	11	15	3	28	21	33	84	185	406	7	76	766	7661
980	94133	118201	118203	3	3	984	1	3	5	25	1	35	5	31	135	440	9	15	17	3	19	15	93	154	311	6	66	661	6611
981	94229	118321	118323	3	3	985	1	3	16	19	5	8	14	37	7	213	9	10	28	15	24	42	10	21	639	6	61	611	6111
982	94324	118442	118443	3	3	986	1	1	6	15	4	31	14	63	195	289	3	18	16	12	7	42	88	83	867	1	11	111	1119
983	94420	118562	118564	3	3	987	1	6	7	18	2	5	39	32	92	735	1	2	25	6	15	58	96	25	187	1	11	119	1195
984	94511	118678	118679	3	3	988	1	13	8	17	26	5	36	71	167	469	5	5	22	16	15	49	11	250	398	1	19	195	1959
985	94610	118801	118802	3	3	989	1	10	4	7	0	13	30	54	249	923	13	12	21	0	39	31	61	245	751	9	95	959	9590
986	94708	118923	118925	3	3	990	1	14	12	28	14	6	32	64	218	440	8	17	26	11	18	37	91	152	311	5	59	590	5909
987	94804	119044	119045	3	3	991	1	4	16	21	5	35	40	65	235	423	12	10	5	15	19	2	94	203	260	9	90	909	9092
988	94899	119164	119166	3	3	992	1	12	5	26	15	25	16	34	100	289	2	15	20	14	32	48	1	49	867	0	9	92	921
989	94986	119275	119277	3	3	993	1	2	4	20	12	18	33	32	208	987	6	12	2	5	11	40	96	122	943	9	92	921	9216
990	95091	119405	119406	3	3	994	1	6	11	24	13	18	36	8	66	911	1	14	14	8	11	49	24	198	715	2	21	216	2164
991	95187	119525	119527	3	3	995	1	1	10	7	4	5	15	56	195	368	3	11	21	12	15	45	67	83	95	1	16	164	1642
992	95283	119645	119647	3	3	996	1	9	6	21	3	38	15	63	102	934	10	18	5	9	28	45	88	55	784	6	64	642	6420
993	95376	119763	119765	3	3	997	1	8	15	8	11	22	35	67	119	749	7	7	24	2	23	46	100	106	229	4	42	420	4201
994	95472	119884	119885	3	3	998	1	6	5	17	28	31	27	82	30	638	1	15	22	22	7	22	44	90	905	2	20	201	2019
995	95570	120006	120008	3	3	999	1	8	10	0	30	41	26	66	63	167	7	11	0	28	37	19	97	189	501	0	1	19	198
996	95666	120127	120128	3	3	1000	1	7	13	23	17	36	40	46	133	812	4	1	11	20	22	2	37	148	418	1	19	198	1989
997	95759	120245	120246	3	3	1001	1	16	15	13	15	5	54	68	38	188	14	7	10	14	15	44	2	114	564	9	98	989	9893
998	95858	120368	120369	3	3	1002	1	2	7	17	10	38	54	1	179	890	6	2	22	30	28	44	3	35	652	8	89	893	8938
999	95951	120486	120487	3	3	1003	1	6	4	12	7	6	45	52	127	565	1	12	7	21	18	17	55	130	686	9	93	938	9380
1000	96049	120608	120610	3	3	1004	1	7	8	4	21	12	30	39	170	502	4	5	12	1	36	31	16	8	497	3	38	380	3809
