item,verification,source_boundary,mechanism_or_fingerprint,T162_disposition
T89,LC/PS,readable accepted report,"Kempner/Fredholm representation; decimal Thue-Morse",exclude representation
T90,LC/PS,readable accepted report,"Stoneham and explicit normal/discrepancy points",exclude Stoneham and representation
T91,PS,unverified note,"substitution and paperfolding synchronization",exclude finite-state/substitution
T92,MC plus PS note,Lean declaration readable,"constant-run exact-word charging",exclude recorded charging branch
T93,PS,unverified note,"Stoneham repeated prime-power residues",exclude Stoneham
T94,PS,unverified note,"paperfolding tensor collision recurrence",exclude finite-state and tensorization
T95,PS,unverified note,"exact-word overlap-period charging",exclude recorded charging branch
T96,PS,unverified note,"non-Poisson Stoneham family",exclude Stoneham
T97,PS,unverified note,"paperfolding collision envelope",exclude finite-state
T98,PS,unverified note,"exact-word-to-metric transport and Vaaler reversal",exclude recorded transport branch
T99,PS,unverified note,"exceptional-prime Stoneham repetition",exclude Stoneham
T100,MC plus PS note,Lean declaration readable,"universal finite-word equality charging",exclude recorded charging branch
T101,PS,unverified note,"paperfolding successor-splitting obstruction",exclude finite-state
T102,PS,unverified note,"coprime Stoneham order profiles",exclude Stoneham
T103,LC/PS,readable accepted report,"positive-entropy Toeplitz invariant model",exclude invariant-measure and finite-state
T104,LC/PS,12 pinned tuples,"Mahler; restricted denominator; fractal Fourier; metric lacunary",exclude fixture T104/T138 and broad Fourier
T105,LC/PS,readable accepted report,"additive energy; BSG; flattening; sum-product; modular sums",exclude additive-energy and broad Fourier
T106,MC,Lean declaration readable,"finite branching resonance tree",exclude recorded resonance-tree interface
T107,MC,Lean declaration readable,"averaged triangular Fejer boundary criterion",target interface only
T108,MC,Lean declaration readable,"literal exact-word-to-metric transport",exclude recorded transport branch
T109,PS rejected,recovered comparator only,"Markov shadowing and Wasserstein robustness",exclude failed-certificate replay
T110,LC/PS,readable accepted report,"fixed-order Gowers; q-multiplicative phases; metric correlations",exclude broad Fourier/fixed-order uniformity
T111,LC/PS,readable accepted report,"de Bruijn synchronization and remote labels",exclude specification/de Bruijn
T112,LC/PS,readable accepted report,"carry local limits and twisted finite-state operators",exclude carry and finite-state
T113,PS,unverified note,"Peres-Sclag orbit avoidance",exclude avoidance
T114,LC/PS,readable accepted report,"Pade/interpolation determinant occupancy",exclude determinant
T115,LC/PS,readable accepted report,"substitution Riesz recursion and persistent Fourier ray",exclude finite-state and broad Fourier
T116,LC/PS,readable accepted report,"computable orbit-avoidance selectors",exclude avoidance
T117,LC/PS,readable accepted report,"Legendre subset-product and Weil cancellation",exclude broad Fourier
T118,LC/PS,readable accepted report,"prime powers; exact order; logarithmic modular orbit",exclude recorded modular representation
T119,PS incomplete,recovered comparator only,"predictive/Hankel/Prony rank",exclude finite-state/rank
T120,LC/PS,readable accepted report,"renewal and inducing tails",exclude renewal and invariant-measure
T121,LC/PS,readable accepted report,"global Parseval/Walsh L2",exclude global-L2 and broad Fourier
T122,PS rejected,recovered comparator only,"nested necklaces and vector balancing",exclude balancing and specification
T123,LC/PS parked,recovered comparator only,"de Bruijn/Euler and explicit-point specification",exclude specification
T124,PS,unverified note,"arithmetic monodromy and expander walk",exclude finite-state/quotient walk
T125,LC/PS,readable accepted report,"multiplicative all-subset correlations",exclude broad Fourier/fixed-order correlation
T126,PS,unverified note,"H1 coefficient orbit and LTE collisions",exclude representation
T127,LC/PS,readable accepted report,"Mahler lifting; symbolic rigidity; reciprocal sums",exclude representation and finite-state
T128,LC/PS,readable accepted report,"effective specification and de Bruijn prefixes",exclude specification
T129,unavailable,no direct report or theorem tuple,"agenda/status unavailable; A1/C1 correction only",availability boundary; infer nothing
T130,LC/PS,readable accepted report,"equal blocks to S-unit equations",exclude S-unit
T131,LC/PS,readable accepted report,"integral circulation and Euler ordering",exclude balancing and global-L2
T132,LC/PS,readable accepted report,"multi-modulus projections and Lorenz meet",exclude tensorization/projection
T133,PS,readable accepted note-level report,"factorial valuation transducer",exclude carry and finite-state
T134,LC/PS,readable accepted report,"single zero-cylinder/heavy-fiber occupancy",exclude heavy-fiber and occupancy
T135,LC/PS,readable accepted report,"Renyi-2 projection tensorization",exclude tensorization
T136,LC/PS,6 pinned tuples,"regular/Mahler; ambient Fourier; structured sums",exclude fixture T136/T146 and broad Fourier
T137,PS,unverified note,"tensor powers of Lorenz meets",exclude tensorization
T138,rejected/unavailable,no readable artifact,"reported exact replay of T104",hard duplicate fixture; infer no extra content
T139,unavailable,no report/result,"no readable mechanism",availability boundary; infer nothing
T140,LC/PS,readable accepted report,"hypergraph containers for collision census",exclude container and census
T141,PS,unverified note,"factorial-ratio multiplication carries",exclude carry
T142,unavailable,metadata only,"four-source direction scout unavailable",availability boundary; infer nothing
T143,PS,unverified note,"weighted-transducer residual and cycle lifting",exclude finite-state and carry
T144,PS,unverified note,"overlap-to-disjoint residue extraction and type census",exclude census
T145,PS,unverified note,"Landau nonnegativity and positive carry cycle",exclude carry
T146,rejected/unavailable,no readable artifact,"reported exact replay of T136",hard duplicate fixture; infer no extra content
T147,PS,unverified accepted note,"shared-prefix counterfamily against additive census savings",exclude census; conditional comparator only
T148,PS,unverified accepted note,"Landau atom without cycle drift",exclude carry; conditional comparator only
T149,LC/PS,readable accepted report,"Terwilliger PSD and block diagonalization",exclude global-L2/PSD
T150,LC/PS,readable accepted report,"pressure large deviations and multidepth Lipschitz census",exclude census and invariant-measure
T151,PS,unverified accepted note,"integrality to carry drift",exclude carry; conditional comparator only
T152,PS,unverified accepted note,"maximal-depth localization and fractional-cover census",exclude census; conditional comparator only
T153,LC/PS/EXP,readable accepted report,"logarithmic locality to occupancy; k-Abelian/Euler-flow census",exclude locality-to-occupancy and repeated-de-Bruijn boundary
T154,PS/EXP,readable unverified note,"finite reuse-capacity entropy LP",exclude entropy-LP; no claim imported
T155,LC/PS/EXP,readable accepted report,"marked local-dependence Poisson diagnostic",exclude local-dependence random-model lane
T156,rejected LC/PS/EXP,rejected report recovered from supplied proof-ledger snapshot,"inverse stability and interval-periodic coordinate-core templates",exclude template-stability fingerprint; import no rejected claim
T157,LC/PS/EXP,readable pinned literature artifact,"inverse Littlewood-Offord for literal block-difference vectors",exclude inverse-concentration fingerprint
T158,LC/PS/EXP,readable pinned literature artifact,"empirical transition graph; pseudo-gap; repeated-de-Bruijn order separator",accepted changed evidence: exclude transition expansion, conductance, and short Markov types
T159,PS/EXP indexed/unavailable,refreshed index describes an unverified note but supplied knowledge directory has no t159 file,"marked Palm--Stein iid overlapping collision model",reserve only as an indexed random-model comparator; import no claim
T160,pipeline-revised/unavailable,refreshed result says declared artifacts were missing,"pair-multiplicity recurrences",reserve failed-delivery lane; import no claim and do not duplicate
T161,PS/EXP accepted note,refreshed index records verification sketch and report SHA-256 48ede4b571568c5e088c024687037a1d5b864cf3a27ff11f55136cf811ca7d79 but supplied knowledge directory has no t161 file,"stochastic clustering",reserve unverified note lane; import no claim and do not duplicate
