dataset,seed_hex,digits_sha256,n,N,energy,R_numerator,R_denominator,R_decimal,iid_model_energy_numerator,iid_model_energy_denominator,energy_over_iid_model_numerator,energy_over_iid_model_denominator,energy_over_iid_model_decimal,iid_model_R_numerator,iid_model_R_denominator,iid_model_R_decimal
pi,,3d11a0e07b0fe7fbc6cb78dbc99afbeec8cfb277c64a559463822da236aff779,1,1000,100474,500000,50237,9.9528236161,100900,1,50237,50450,0.99577799802,10000,1009,9.9108027750
pi,,3d11a0e07b0fe7fbc6cb78dbc99afbeec8cfb277c64a559463822da236aff779,1,10000,10009318,50000000,5004659,9.9906906744,10009000,1,5004659,5004500,1.0000317714,100000,10009,9.9910080927
pi,,3d11a0e07b0fe7fbc6cb78dbc99afbeec8cfb277c64a559463822da236aff779,1,100000,1000040930,1000000000,100004093,9.9995907168,1000090000,1,14286299,14287000,0.99995093442,1000000,100009,9.9991000810
pi,,3d11a0e07b0fe7fbc6cb78dbc99afbeec8cfb277c64a559463822da236aff779,1,1000000,100000550908,250000000000,25000137727,9.9999449095,100000900000,1,25000137727,25000225000,0.99999650911,10000000,1000009,9.9999100008
pi,,3d11a0e07b0fe7fbc6cb78dbc99afbeec8cfb277c64a559463822da236aff779,2,1000,10974,250000,5487,45.562238017,10990,1,5487,5495,0.99854413103,50000,1099,45.495905368
pi,,3d11a0e07b0fe7fbc6cb78dbc99afbeec8cfb277c64a559463822da236aff779,2,10000,1007860,2500000,50393,49.610064890,1009900,1,50393,50495,0.99797999802,500000,10099,49.509852461
pi,,3d11a0e07b0fe7fbc6cb78dbc99afbeec8cfb277c64a559463822da236aff779,2,100000,100104656,312500000,6256541,49.947726707,100099000,1,12513082,12512375,1.0000565041,5000000,100099,49.950548956
pi,,3d11a0e07b0fe7fbc6cb78dbc99afbeec8cfb277c64a559463822da236aff779,2,1000000,10000942278,250000000000,5000471139,49.995289054,10000990000,1,5000471139,5000495000,0.99999522827,50000000,1000099,49.995050490
pi,,3d11a0e07b0fe7fbc6cb78dbc99afbeec8cfb277c64a559463822da236aff779,3,1000,1990,100000,597,167.50418760,1999,1,1990,1999,0.99549774887,1000000,5997,166.75004169
pi,,3d11a0e07b0fe7fbc6cb78dbc99afbeec8cfb277c64a559463822da236aff779,3,10000,109080,2500000,8181,305.58611417,109990,1,10908,10999,0.99172652059,10000000,32997,303.05785374
pi,,3d11a0e07b0fe7fbc6cb78dbc99afbeec8cfb277c64a559463822da236aff779,3,100000,10101024,312500000,946971,329.99954592,10099900,1,2525256,2524975,1.0001112882,100000000,302997,330.03627099
pi,,3d11a0e07b0fe7fbc6cb78dbc99afbeec8cfb277c64a559463822da236aff779,3,1000000,1000958200,5000000000,15014373,333.01423909,1000999000,1,5004791,5004995,0.99995924072,1000000000,3002997,333.00066567
pi,,3d11a0e07b0fe7fbc6cb78dbc99afbeec8cfb277c64a559463822da236aff779,4,1000,1100,2500,11,227.27272727,10999,10,11000,10999,1.0000909174,2500000,10999,227.29339031
pi,,3d11a0e07b0fe7fbc6cb78dbc99afbeec8cfb277c64a559463822da236aff779,4,10000,19818,12500000,9909,1261.4794631,19999,1,19818,19999,0.99094954748,25000000,19999,1250.0625031
pi,,3d11a0e07b0fe7fbc6cb78dbc99afbeec8cfb277c64a559463822da236aff779,4,100000,1100588,625000000,275147,2271.5130458,1099990,1,550294,549995,1.0005436413,250000000,109999,2272.7479341
pi,,3d11a0e07b0fe7fbc6cb78dbc99afbeec8cfb277c64a559463822da236aff779,4,1000000,100997870,25000000000,10099787,2475.2997266,100999900,1,10099787,10099990,0.99997990097,2500000000,1009999,2475.2499755
pi,,3d11a0e07b0fe7fbc6cb78dbc99afbeec8cfb277c64a559463822da236aff779,5,1000,1014,100000,507,197.23865878,100999,100,101400,100999,1.0039703363,20000000,100999,198.02176259
pi,,3d11a0e07b0fe7fbc6cb78dbc99afbeec8cfb277c64a559463822da236aff779,5,10000,10932,5000000,2733,1829.4914014,109999,10,109320,109999,0.99382721661,200000000,109999,1818.1983473
pi,,3d11a0e07b0fe7fbc6cb78dbc99afbeec8cfb277c64a559463822da236aff779,5,100000,199944,250000000,24993,10002.800784,199999,1,199944,199999,0.99972499862,2000000000,199999,10000.050000
pi,,3d11a0e07b0fe7fbc6cb78dbc99afbeec8cfb277c64a559463822da236aff779,5,1000000,11003796,50000000000,2750949,18175.545966,10999990,1,5501898,5499995,1.0003460003,20000000000,1099999,18181.834711
pi,,3d11a0e07b0fe7fbc6cb78dbc99afbeec8cfb277c64a559463822da236aff779,6,1000,1000,500,3,166.66666667,1000999,1000,1000000,1000999,0.99900199700,500000000,3002997,166.50033283
pi,,3d11a0e07b0fe7fbc6cb78dbc99afbeec8cfb277c64a559463822da236aff779,6,10000,10070,5000000,3021,1655.0810990,1009999,100,1007000,1009999,0.99703069013,5000000000,3029997,1650.1666503
pi,,3d11a0e07b0fe7fbc6cb78dbc99afbeec8cfb277c64a559463822da236aff779,6,100000,110204,1250000000,82653,15123.467993,1099999,10,1102040,1099999,1.0018554562,50000000000,3299997,15151.528926
pi,,3d11a0e07b0fe7fbc6cb78dbc99afbeec8cfb277c64a559463822da236aff779,6,1000000,2001632,15625000000,187653,83265.388776,1999999,1,28192,28169,1.0008165004,500000000000,5999997,83333.375000
pi,,3d11a0e07b0fe7fbc6cb78dbc99afbeec8cfb277c64a559463822da236aff779,7,1000,1000,1000,7,142.85714286,10000999,10000,10000000,10000999,0.99990010998,10000000000,70006993,142.84287285
pi,,3d11a0e07b0fe7fbc6cb78dbc99afbeec8cfb277c64a559463822da236aff779,7,10000,10004,25000000,17507,1428.0002285,10009999,1000,10004000,10009999,0.99940069924,100000000000,70069993,1427.1444269
pi,,3d11a0e07b0fe7fbc6cb78dbc99afbeec8cfb277c64a559463822da236aff779,7,100000,101034,5000000000,353619,14139.511734,10099999,100,10103400,10099999,1.0003367327,1000000000000,70699993,14144.272970
pi,,3d11a0e07b0fe7fbc6cb78dbc99afbeec8cfb277c64a559463822da236aff779,7,1000000,1100756,250000000000,1926323,129780.93497,10999999,10,11007560,10999999,1.0006873637,10000000000000,76999993,129870.14168
pi,,3d11a0e07b0fe7fbc6cb78dbc99afbeec8cfb277c64a559463822da236aff779,8,1000,1000,125,1,125,100000999,100000,100000000,100000999,0.99999001010,12500000000,100000999,124.99875126
pi,,3d11a0e07b0fe7fbc6cb78dbc99afbeec8cfb277c64a559463822da236aff779,8,10000,10000,1250,1,1250,100009999,10000,100000000,100009999,0.99990002000,125000000000,100009999,1249.8750250
pi,,3d11a0e07b0fe7fbc6cb78dbc99afbeec8cfb277c64a559463822da236aff779,8,100000,100094,625000000,50047,12488.261035,100099999,1000,100094000,100099999,0.99994006993,1250000000000,100099999,12487.512612
pi,,3d11a0e07b0fe7fbc6cb78dbc99afbeec8cfb277c64a559463822da236aff779,8,1000000,1010078,62500000000,505039,123752.81909,100999999,100,101007800,100999999,1.0000772376,12500000000000,100999999,123762.37746
pi,,3d11a0e07b0fe7fbc6cb78dbc99afbeec8cfb277c64a559463822da236aff779,9,1000,1000,1000,9,111.11111111,1000000999,1000000,1000000000,1000000999,0.99999900100,1000000000000,9000008991,111.11100011
pi,,3d11a0e07b0fe7fbc6cb78dbc99afbeec8cfb277c64a559463822da236aff779,9,10000,10000,10000,9,1111.1111111,1000009999,100000,1000000000,1000009999,0.99999000110,10000000000000,9000089991,1111.1000012
pi,,3d11a0e07b0fe7fbc6cb78dbc99afbeec8cfb277c64a559463822da236aff779,9,100000,100006,5000000000,450027,11110.444484,1000099999,10000,1000060000,1000099999,0.99996000500,100000000000000,9000899991,11110.000122
pi,,3d11a0e07b0fe7fbc6cb78dbc99afbeec8cfb277c64a559463822da236aff779,9,1000000,1001042,500000000000,4504689,110995.45385,1000999999,1000,1001042000,1000999999,1.0000419590,1000000000000000,9008999991,111000.11111
pi,,3d11a0e07b0fe7fbc6cb78dbc99afbeec8cfb277c64a559463822da236aff779,10,1000,1000,100,1,100,10000000999,10000000,10000000000,10000000999,0.99999990010,1000000000000,10000000999,99.999990010
pi,,3d11a0e07b0fe7fbc6cb78dbc99afbeec8cfb277c64a559463822da236aff779,10,10000,10000,1000,1,1000,10000009999,1000000,10000000000,10000009999,0.99999900010,10000000000000,10000009999,999.99900010
pi,,3d11a0e07b0fe7fbc6cb78dbc99afbeec8cfb277c64a559463822da236aff779,10,100000,100000,10000,1,10000,10000099999,100000,10000000000,10000099999,0.99999000020,100000000000000,10000099999,9999.9000020
pi,,3d11a0e07b0fe7fbc6cb78dbc99afbeec8cfb277c64a559463822da236aff779,10,1000000,1000092,25000000000,250023,99990.800846,10000999999,10000,10000920000,10000999999,0.99999200090,1000000000000000,10000999999,99990.001010
pi,,3d11a0e07b0fe7fbc6cb78dbc99afbeec8cfb277c64a559463822da236aff779,11,1000,1000,1000,11,90.909090909,100000000999,100000000,100000000000,100000000999,0.99999999001,100000000000000,1100000010989,90.909090001
pi,,3d11a0e07b0fe7fbc6cb78dbc99afbeec8cfb277c64a559463822da236aff779,11,10000,10000,10000,11,909.09090909,100000009999,10000000,100000000000,100000009999,0.99999990001,1000000000000000,1100000109989,909.09081819
pi,,3d11a0e07b0fe7fbc6cb78dbc99afbeec8cfb277c64a559463822da236aff779,11,100000,100000,100000,11,9090.9090909,100000099999,1000000,100000000000,100000099999,0.99999900001,10000000000000000,1100001099989,9090.9000001
pi,,3d11a0e07b0fe7fbc6cb78dbc99afbeec8cfb277c64a559463822da236aff779,11,1000000,1000014,500000000000,5500077,90907.818200,100000999999,100000,100001400000,100000999999,1.0000040000,100000000000000000,1100010999989,90908.181828
pi,,3d11a0e07b0fe7fbc6cb78dbc99afbeec8cfb277c64a559463822da236aff779,12,1000,1000,250,3,83.333333333,1000000000999,1000000000,1000000000000,1000000000999,0.99999999900,250000000000000,3000000002997,83.333333250
pi,,3d11a0e07b0fe7fbc6cb78dbc99afbeec8cfb277c64a559463822da236aff779,12,10000,10000,2500,3,833.33333333,1000000009999,100000000,1000000000000,1000000009999,0.99999999000,2500000000000000,3000000029997,833.33332500
pi,,3d11a0e07b0fe7fbc6cb78dbc99afbeec8cfb277c64a559463822da236aff779,12,100000,100000,25000,3,8333.3333333,1000000099999,10000000,1000000000000,1000000099999,0.99999990000,25000000000000000,3000000299997,8333.3325000
pi,,3d11a0e07b0fe7fbc6cb78dbc99afbeec8cfb277c64a559463822da236aff779,12,1000000,1000002,125000000000,1500003,83333.166667,1000000999999,1000000,1000002000000,1000000999999,1.0000010000,250000000000000000,3000002999997,83333.250000
control_1,0x0000000078c36889,89d6436e0a2dddfc1c700e711ec303868237c07dd8f039acc683bf5a7b75160d,1,1000,101524,250000,25381,9.8498877113,100900,1,25381,25225,1.0061843409,10000,1009,9.9108027750
control_1,0x0000000078c36889,89d6436e0a2dddfc1c700e711ec303868237c07dd8f039acc683bf5a7b75160d,1,10000,10011424,3125000,312857,9.9885890359,10009000,1,1251428,1251125,1.0002421820,100000,10009,9.9910080927
control_1,0x0000000078c36889,89d6436e0a2dddfc1c700e711ec303868237c07dd8f039acc683bf5a7b75160d,1,100000,1000050624,156250000,15625791,9.9994937856,1000090000,1,62503164,62505625,0.99996062754,1000000,100009,9.9991000810
control_1,0x0000000078c36889,89d6436e0a2dddfc1c700e711ec303868237c07dd8f039acc683bf5a7b75160d,1,1000000,100000425826,500000000000,50000212913,9.9999574176,100000900000,1,50000212913,50000450000,0.99999525830,10000000,1000009,9.9999100008
control_1,0x0000000078c36889,89d6436e0a2dddfc1c700e711ec303868237c07dd8f039acc683bf5a7b75160d,2,1000,11080,12500,277,45.126353791,10990,1,1108,1099,1.0081892630,50000,1099,45.495905368
control_1,0x0000000078c36889,89d6436e0a2dddfc1c700e711ec303868237c07dd8f039acc683bf5a7b75160d,2,10000,1012070,5000000,101207,49.403697373,1009900,1,101207,100990,1.0021487276,500000,10099,49.509852461
control_1,0x0000000078c36889,89d6436e0a2dddfc1c700e711ec303868237c07dd8f039acc683bf5a7b75160d,2,100000,100088078,2500000000,50044039,49.955999754,100099000,1,50044039,50049500,0.99989088802,5000000,100099,49.950548956
control_1,0x0000000078c36889,89d6436e0a2dddfc1c700e711ec303868237c07dd8f039acc683bf5a7b75160d,2,1000000,10000917678,250000000000,5000458839,49.995412031,10000990000,1,5000458839,5000495000,0.99999276852,50000000,1000099,49.995050490
control_1,0x0000000078c36889,89d6436e0a2dddfc1c700e711ec303868237c07dd8f039acc683bf5a7b75160d,3,1000,1970,100000,591,169.20473773,1999,1,1970,1999,0.98549274637,1000000,5997,166.75004169
control_1,0x0000000078c36889,89d6436e0a2dddfc1c700e711ec303868237c07dd8f039acc683bf5a7b75160d,3,10000,110650,2000000,6639,301.25018828,109990,1,11065,10999,1.0060005455,10000000,32997,303.05785374
control_1,0x0000000078c36889,89d6436e0a2dddfc1c700e711ec303868237c07dd8f039acc683bf5a7b75160d,3,100000,10091406,5000000000,15137109,330.31406460,10099900,1,5045703,5049950,0.99915900157,100000000,302997,330.03627099
control_1,0x0000000078c36889,89d6436e0a2dddfc1c700e711ec303868237c07dd8f039acc683bf5a7b75160d,3,1000000,1001062684,250000000000,750797013,332.97948137,1000999000,1,250265671,250249750,1.0000636204,1000000000,3002997,333.00066567
control_1,0x0000000078c36889,89d6436e0a2dddfc1c700e711ec303868237c07dd8f039acc683bf5a7b75160d,4,1000,1092,62500,273,228.93772894,10999,10,10920,10999,0.99281752887,2500000,10999,227.29339031
control_1,0x0000000078c36889,89d6436e0a2dddfc1c700e711ec303868237c07dd8f039acc683bf5a7b75160d,4,10000,20154,12500000,10077,1240.4485462,19999,1,20154,19999,1.0077503875,25000000,19999,1250.0625031
control_1,0x0000000078c36889,89d6436e0a2dddfc1c700e711ec303868237c07dd8f039acc683bf5a7b75160d,4,100000,1098566,1250000000,549283,2275.6939501,1099990,1,549283,549995,0.99870544278,250000000,109999,2272.7479341
control_1,0x0000000078c36889,89d6436e0a2dddfc1c700e711ec303868237c07dd8f039acc683bf5a7b75160d,4,1000000,101006734,125000000000,50503367,2475.0825029,100999900,1,50503367,50499950,1.0000676634,2500000000,1009999,2475.2499755
control_1,0x0000000078c36889,89d6436e0a2dddfc1c700e711ec303868237c07dd8f039acc683bf5a7b75160d,5,1000,1014,100000,507,197.23865878,100999,100,101400,100999,1.0039703363,20000000,100999,198.02176259
control_1,0x0000000078c36889,89d6436e0a2dddfc1c700e711ec303868237c07dd8f039acc683bf5a7b75160d,5,10000,11030,2000000,1103,1813.2366274,109999,10,110300,109999,1.0027363885,200000000,109999,1818.1983473
control_1,0x0000000078c36889,89d6436e0a2dddfc1c700e711ec303868237c07dd8f039acc683bf5a7b75160d,5,100000,199582,1000000000,99791,10020.943772,199999,1,199582,199999,0.99791498958,2000000000,199999,10000.050000
control_1,0x0000000078c36889,89d6436e0a2dddfc1c700e711ec303868237c07dd8f039acc683bf5a7b75160d,5,1000000,11001492,50000000000,2750373,18179.352401,10999990,1,5500746,5499995,1.0001365456,20000000000,1099999,18181.834711
control_1,0x0000000078c36889,89d6436e0a2dddfc1c700e711ec303868237c07dd8f039acc683bf5a7b75160d,6,1000,1002,250000,1503,166.33399867,1000999,1000,1002000,1000999,1.0010000010,500000000,3002997,166.50033283
control_1,0x0000000078c36889,89d6436e0a2dddfc1c700e711ec303868237c07dd8f039acc683bf5a7b75160d,6,10000,10070,5000000,3021,1655.0810990,1009999,100,1007000,1009999,0.99703069013,5000000000,3029997,1650.1666503
control_1,0x0000000078c36889,89d6436e0a2dddfc1c700e711ec303868237c07dd8f039acc683bf5a7b75160d,6,100000,110044,1250000000,82533,15145.456969,1099999,10,1100440,1099999,1.0004009095,50000000000,3299997,15151.528926
control_1,0x0000000078c36889,89d6436e0a2dddfc1c700e711ec303868237c07dd8f039acc683bf5a7b75160d,6,1000000,2000190,50000000000,600057,83325.417419,1999999,1,2000190,1999999,1.0000955000,500000000000,5999997,83333.375000
control_1,0x0000000078c36889,89d6436e0a2dddfc1c700e711ec303868237c07dd8f039acc683bf5a7b75160d,7,1000,1000,1000,7,142.85714286,10000999,10000,10000000,10000999,0.99990010998,10000000000,70006993,142.84287285
control_1,0x0000000078c36889,89d6436e0a2dddfc1c700e711ec303868237c07dd8f039acc683bf5a7b75160d,7,10000,10010,10000000,7007,1427.1442843,10009999,1000,10010000,10009999,1.0000000999,100000000000,70069993,1427.1444269
control_1,0x0000000078c36889,89d6436e0a2dddfc1c700e711ec303868237c07dd8f039acc683bf5a7b75160d,7,100000,101018,5000000000,353563,14141.751258,10099999,100,10101800,10099999,1.0001783168,1000000000000,70699993,14144.272970
control_1,0x0000000078c36889,89d6436e0a2dddfc1c700e711ec303868237c07dd8f039acc683bf5a7b75160d,7,1000000,1099650,20000000000,153951,129911.46534,10999999,10,10996500,10999999,0.99968190906,10000000000000,76999993,129870.14168
control_1,0x0000000078c36889,89d6436e0a2dddfc1c700e711ec303868237c07dd8f039acc683bf5a7b75160d,8,1000,1000,125,1,125,100000999,100000,100000000,100000999,0.99999001010,12500000000,100000999,124.99875126
control_1,0x0000000078c36889,89d6436e0a2dddfc1c700e711ec303868237c07dd8f039acc683bf5a7b75160d,8,10000,10000,1250,1,1250,100009999,10000,100000000,100009999,0.99990002000,125000000000,100009999,1249.8750250
control_1,0x0000000078c36889,89d6436e0a2dddfc1c700e711ec303868237c07dd8f039acc683bf5a7b75160d,8,100000,100092,312500000,25023,12488.510570,100099999,1000,5268000,5268421,0.99992008991,1250000000000,100099999,12487.512612
control_1,0x0000000078c36889,89d6436e0a2dddfc1c700e711ec303868237c07dd8f039acc683bf5a7b75160d,8,1000000,1009906,62500000000,504953,123773.89579,100999999,100,100990600,100999999,0.99990694059,12500000000000,100999999,123762.37746
control_1,0x0000000078c36889,89d6436e0a2dddfc1c700e711ec303868237c07dd8f039acc683bf5a7b75160d,9,1000,1000,1000,9,111.11111111,1000000999,1000000,1000000000,1000000999,0.99999900100,1000000000000,9000008991,111.11100011
control_1,0x0000000078c36889,89d6436e0a2dddfc1c700e711ec303868237c07dd8f039acc683bf5a7b75160d,9,10000,10000,10000,9,1111.1111111,1000009999,100000,1000000000,1000009999,0.99999000110,10000000000000,9000089991,1111.1000012
control_1,0x0000000078c36889,89d6436e0a2dddfc1c700e711ec303868237c07dd8f039acc683bf5a7b75160d,9,100000,100004,2500000000,225009,11110.666684,1000099999,10000,1000040000,1000099999,0.99994000700,100000000000000,9000899991,11110.000122
control_1,0x0000000078c36889,89d6436e0a2dddfc1c700e711ec303868237c07dd8f039acc683bf5a7b75160d,9,1000000,1000948,250000000000,2252133,111005.87754,1000999999,1000,1000948000,1000999999,0.99994805295,1000000000000000,9008999991,111000.11111
control_1,0x0000000078c36889,89d6436e0a2dddfc1c700e711ec303868237c07dd8f039acc683bf5a7b75160d,10,1000,1000,100,1,100,10000000999,10000000,10000000000,10000000999,0.99999990010,1000000000000,10000000999,99.999990010
control_1,0x0000000078c36889,89d6436e0a2dddfc1c700e711ec303868237c07dd8f039acc683bf5a7b75160d,10,10000,10000,1000,1,1000,10000009999,1000000,10000000000,10000009999,0.99999900010,10000000000000,10000009999,999.99900010
control_1,0x0000000078c36889,89d6436e0a2dddfc1c700e711ec303868237c07dd8f039acc683bf5a7b75160d,10,100000,100000,10000,1,10000,10000099999,100000,10000000000,10000099999,0.99999000020,100000000000000,10000099999,9999.9000020
control_1,0x0000000078c36889,89d6436e0a2dddfc1c700e711ec303868237c07dd8f039acc683bf5a7b75160d,10,1000000,1000102,50000000000,500051,99989.801040,10000999999,10000,10001020000,10000999999,1.0000019999,1000000000000000,10000999999,99990.001010
control_1,0x0000000078c36889,89d6436e0a2dddfc1c700e711ec303868237c07dd8f039acc683bf5a7b75160d,11,1000,1000,1000,11,90.909090909,100000000999,100000000,100000000000,100000000999,0.99999999001,100000000000000,1100000010989,90.909090001
control_1,0x0000000078c36889,89d6436e0a2dddfc1c700e711ec303868237c07dd8f039acc683bf5a7b75160d,11,10000,10000,10000,11,909.09090909,100000009999,10000000,100000000000,100000009999,0.99999990001,1000000000000000,1100000109989,909.09081819
control_1,0x0000000078c36889,89d6436e0a2dddfc1c700e711ec303868237c07dd8f039acc683bf5a7b75160d,11,100000,100000,100000,11,9090.9090909,100000099999,1000000,100000000000,100000099999,0.99999900001,10000000000000000,1100001099989,9090.9000001
control_1,0x0000000078c36889,89d6436e0a2dddfc1c700e711ec303868237c07dd8f039acc683bf5a7b75160d,11,1000000,1000012,250000000000,2750033,90908.000013,100000999999,100000,100001200000,100000999999,1.0000020000,100000000000000000,1100010999989,90908.181828
control_1,0x0000000078c36889,89d6436e0a2dddfc1c700e711ec303868237c07dd8f039acc683bf5a7b75160d,12,1000,1000,250,3,83.333333333,1000000000999,1000000000,1000000000000,1000000000999,0.99999999900,250000000000000,3000000002997,83.333333250
control_1,0x0000000078c36889,89d6436e0a2dddfc1c700e711ec303868237c07dd8f039acc683bf5a7b75160d,12,10000,10000,2500,3,833.33333333,1000000009999,100000000,1000000000000,1000000009999,0.99999999000,2500000000000000,3000000029997,833.33332500
control_1,0x0000000078c36889,89d6436e0a2dddfc1c700e711ec303868237c07dd8f039acc683bf5a7b75160d,12,100000,100000,25000,3,8333.3333333,1000000099999,10000000,1000000000000,1000000099999,0.99999990000,25000000000000000,3000000299997,8333.3325000
control_1,0x0000000078c36889,89d6436e0a2dddfc1c700e711ec303868237c07dd8f039acc683bf5a7b75160d,12,1000000,1000002,125000000000,1500003,83333.166667,1000000999999,1000000,1000002000000,1000000999999,1.0000010000,250000000000000000,3000002999997,83333.250000
control_2,0x0000000078c3688a,5413c74ea78233ee78a0b2a9bb481c0a69a7fe2d699fcf427c3cfe75a097948c,1,1000,101786,500000,50893,9.8245338259,100900,1,50893,50450,1.0087809713,10000,1009,9.9108027750
control_2,0x0000000078c3688a,5413c74ea78233ee78a0b2a9bb481c0a69a7fe2d699fcf427c3cfe75a097948c,1,10000,10017838,50000000,5008919,9.9821937628,10009000,1,5008919,5004500,1.0008830053,100000,10009,9.9910080927
control_2,0x0000000078c3688a,5413c74ea78233ee78a0b2a9bb481c0a69a7fe2d699fcf427c3cfe75a097948c,1,100000,1000072836,2500000000,250018209,9.9992716930,1000090000,1,35716887,35717500,0.99998283754,1000000,100009,9.9991000810
control_2,0x0000000078c3688a,5413c74ea78233ee78a0b2a9bb481c0a69a7fe2d699fcf427c3cfe75a097948c,1,1000000,100001077070,100000000000,10000107707,9.9998922942,100000900000,1,10000107707,10000090000,1.0000017707,10000000,1000009,9.9999100008
control_2,0x0000000078c3688a,5413c74ea78233ee78a0b2a9bb481c0a69a7fe2d699fcf427c3cfe75a097948c,2,1000,11382,250000,5691,43.929010719,10990,1,813,785,1.0356687898,50000,1099,45.495905368
control_2,0x0000000078c3688a,5413c74ea78233ee78a0b2a9bb481c0a69a7fe2d699fcf427c3cfe75a097948c,2,10000,1011648,781250,15807,49.424305687,1009900,1,252912,252475,1.0017308644,500000,10099,49.509852461
control_2,0x0000000078c3688a,5413c74ea78233ee78a0b2a9bb481c0a69a7fe2d699fcf427c3cfe75a097948c,2,100000,100109522,2500000000,50054761,49.945298910,100099000,1,50054761,50049500,1.0001051159,5000000,100099,49.950548956
control_2,0x0000000078c3688a,5413c74ea78233ee78a0b2a9bb481c0a69a7fe2d699fcf427c3cfe75a097948c,2,1000000,10001082514,250000000000,5000541257,49.994588016,10000990000,1,5000541257,5000495000,1.0000092505,50000000,1000099,49.995050490
control_2,0x0000000078c3688a,5413c74ea78233ee78a0b2a9bb481c0a69a7fe2d699fcf427c3cfe75a097948c,3,1000,1988,250000,1491,167.67270288,1999,1,1988,1999,0.99449724862,1000000,5997,166.75004169
control_2,0x0000000078c3688a,5413c74ea78233ee78a0b2a9bb481c0a69a7fe2d699fcf427c3cfe75a097948c,3,10000,110722,50000000,166083,301.05429213,109990,1,55361,54995,1.0066551505,10000000,32997,303.05785374
control_2,0x0000000078c3688a,5413c74ea78233ee78a0b2a9bb481c0a69a7fe2d699fcf427c3cfe75a097948c,3,100000,10102366,5000000000,15153549,329.95570872,10099900,1,5051183,5049950,1.0002441608,100000000,302997,330.03627099
control_2,0x0000000078c3688a,5413c74ea78233ee78a0b2a9bb481c0a69a7fe2d699fcf427c3cfe75a097948c,3,1000000,1001018640,12500000000,37538199,332.99413219,1000999000,1,25025466,25024975,1.0000196204,1000000000,3002997,333.00066567
control_2,0x0000000078c3688a,5413c74ea78233ee78a0b2a9bb481c0a69a7fe2d699fcf427c3cfe75a097948c,4,1000,1072,15625,67,233.20895522,10999,10,10720,10999,0.97463405764,2500000,10999,227.29339031
control_2,0x0000000078c3688a,5413c74ea78233ee78a0b2a9bb481c0a69a7fe2d699fcf427c3cfe75a097948c,4,10000,20010,2500000,2001,1249.3753123,19999,1,20010,19999,1.0005500275,25000000,19999,1250.0625031
control_2,0x0000000078c3688a,5413c74ea78233ee78a0b2a9bb481c0a69a7fe2d699fcf427c3cfe75a097948c,4,100000,1100530,250000000,110053,2271.6327588,1099990,1,110053,109999,1.0004909136,250000000,109999,2272.7479341
control_2,0x0000000078c3688a,5413c74ea78233ee78a0b2a9bb481c0a69a7fe2d699fcf427c3cfe75a097948c,4,1000000,100997390,25000000000,10099739,2475.3114907,100999900,1,10099739,10099990,0.99997514849,2500000000,1009999,2475.2499755
control_2,0x0000000078c3688a,5413c74ea78233ee78a0b2a9bb481c0a69a7fe2d699fcf427c3cfe75a097948c,5,1000,1004,50000,251,199.20318725,100999,100,100400,100999,0.99406924821,20000000,100999,198.02176259
control_2,0x0000000078c3688a,5413c74ea78233ee78a0b2a9bb481c0a69a7fe2d699fcf427c3cfe75a097948c,5,10000,10986,10000000,5493,1820.4988167,109999,10,109860,109999,0.99873635215,200000000,109999,1818.1983473
control_2,0x0000000078c3688a,5413c74ea78233ee78a0b2a9bb481c0a69a7fe2d699fcf427c3cfe75a097948c,5,100000,199760,25000000,2497,10012.014417,199999,1,199760,199999,0.99880499402,2000000000,199999,10000.050000
control_2,0x0000000078c3688a,5413c74ea78233ee78a0b2a9bb481c0a69a7fe2d699fcf427c3cfe75a097948c,5,1000000,11002412,50000000000,2750603,18177.832279,10999990,1,5501206,5499995,1.0002201820,20000000000,1099999,18181.834711
control_2,0x0000000078c3688a,5413c74ea78233ee78a0b2a9bb481c0a69a7fe2d699fcf427c3cfe75a097948c,6,1000,1000,500,3,166.66666667,1000999,1000,1000000,1000999,0.99900199700,500000000,3002997,166.50033283
control_2,0x0000000078c3688a,5413c74ea78233ee78a0b2a9bb481c0a69a7fe2d699fcf427c3cfe75a097948c,6,10000,10090,5000000,3027,1651.8004625,1009999,100,1009000,1009999,0.99901089011,5000000000,3029997,1650.1666503
control_2,0x0000000078c3688a,5413c74ea78233ee78a0b2a9bb481c0a69a7fe2d699fcf427c3cfe75a097948c,6,100000,109822,2500000000,164733,15176.072797,1099999,10,1098220,1099999,0.99838272580,50000000000,3299997,15151.528926
control_2,0x0000000078c3688a,5413c74ea78233ee78a0b2a9bb481c0a69a7fe2d699fcf427c3cfe75a097948c,6,1000000,1999508,125000000000,1499631,83353.838378,1999999,1,1999508,1999999,0.99975449988,500000000000,5999997,83333.375000
control_2,0x0000000078c3688a,5413c74ea78233ee78a0b2a9bb481c0a69a7fe2d699fcf427c3cfe75a097948c,7,1000,1000,1000,7,142.85714286,10000999,10000,10000000,10000999,0.99990010998,10000000000,70006993,142.84287285
control_2,0x0000000078c3688a,5413c74ea78233ee78a0b2a9bb481c0a69a7fe2d699fcf427c3cfe75a097948c,7,10000,10006,50000000,35021,1427.7147997,10009999,1000,10006000,10009999,0.99960049946,100000000000,70069993,1427.1444269
control_2,0x0000000078c3688a,5413c74ea78233ee78a0b2a9bb481c0a69a7fe2d699fcf427c3cfe75a097948c,7,100000,100982,5000000000,353437,14146.792781,10099999,100,1442600,1442857,0.99982188117,1000000000000,70699993,14144.272970
control_2,0x0000000078c3688a,5413c74ea78233ee78a0b2a9bb481c0a69a7fe2d699fcf427c3cfe75a097948c,7,1000000,1099970,100000000000,769979,129873.67188,10999999,10,10999700,10999999,0.99997281818,10000000000000,76999993,129870.14168
control_2,0x0000000078c3688a,5413c74ea78233ee78a0b2a9bb481c0a69a7fe2d699fcf427c3cfe75a097948c,8,1000,1000,125,1,125,100000999,100000,100000000,100000999,0.99999001010,12500000000,100000999,124.99875126
control_2,0x0000000078c3688a,5413c74ea78233ee78a0b2a9bb481c0a69a7fe2d699fcf427c3cfe75a097948c,8,10000,10000,1250,1,1250,100009999,10000,100000000,100009999,0.99990002000,125000000000,100009999,1249.8750250
control_2,0x0000000078c3688a,5413c74ea78233ee78a0b2a9bb481c0a69a7fe2d699fcf427c3cfe75a097948c,8,100000,100090,125000000,10009,12488.760116,100099999,1000,100090000,100099999,0.99990010989,1250000000000,100099999,12487.512612
control_2,0x0000000078c3688a,5413c74ea78233ee78a0b2a9bb481c0a69a7fe2d699fcf427c3cfe75a097948c,8,1000000,1009946,62500000000,504973,123768.99359,100999999,100,100994600,100999999,0.99994654455,12500000000000,100999999,123762.37746
control_2,0x0000000078c3688a,5413c74ea78233ee78a0b2a9bb481c0a69a7fe2d699fcf427c3cfe75a097948c,9,1000,1000,1000,9,111.11111111,1000000999,1000000,1000000000,1000000999,0.99999900100,1000000000000,9000008991,111.11100011
control_2,0x0000000078c3688a,5413c74ea78233ee78a0b2a9bb481c0a69a7fe2d699fcf427c3cfe75a097948c,9,10000,10000,10000,9,1111.1111111,1000009999,100000,1000000000,1000009999,0.99999000110,10000000000000,9000089991,1111.1000012
control_2,0x0000000078c3688a,5413c74ea78233ee78a0b2a9bb481c0a69a7fe2d699fcf427c3cfe75a097948c,9,100000,100008,1250000000,112509,11110.222293,1000099999,10000,1000080000,1000099999,0.99998000300,100000000000000,9000899991,11110.000122
control_2,0x0000000078c3688a,5413c74ea78233ee78a0b2a9bb481c0a69a7fe2d699fcf427c3cfe75a097948c,9,1000000,1001016,125000000000,1126143,110998.33680,1000999999,1000,1001016000,1000999999,1.0000159850,1000000000000000,9008999991,111000.11111
control_2,0x0000000078c3688a,5413c74ea78233ee78a0b2a9bb481c0a69a7fe2d699fcf427c3cfe75a097948c,10,1000,1000,100,1,100,10000000999,10000000,10000000000,10000000999,0.99999990010,1000000000000,10000000999,99.999990010
control_2,0x0000000078c3688a,5413c74ea78233ee78a0b2a9bb481c0a69a7fe2d699fcf427c3cfe75a097948c,10,10000,10000,1000,1,1000,10000009999,1000000,10000000000,10000009999,0.99999900010,10000000000000,10000009999,999.99900010
control_2,0x0000000078c3688a,5413c74ea78233ee78a0b2a9bb481c0a69a7fe2d699fcf427c3cfe75a097948c,10,100000,100002,500000000,50001,9999.8000040,10000099999,100000,10000200000,10000099999,1.0000100000,100000000000000,10000099999,9999.9000020
control_2,0x0000000078c3688a,5413c74ea78233ee78a0b2a9bb481c0a69a7fe2d699fcf427c3cfe75a097948c,10,1000000,1000110,10000000000,100011,99989.001210,10000999999,10000,10001100000,10000999999,1.0000099991,1000000000000000,10000999999,99990.001010
control_2,0x0000000078c3688a,5413c74ea78233ee78a0b2a9bb481c0a69a7fe2d699fcf427c3cfe75a097948c,11,1000,1000,1000,11,90.909090909,100000000999,100000000,100000000000,100000000999,0.99999999001,100000000000000,1100000010989,90.909090001
control_2,0x0000000078c3688a,5413c74ea78233ee78a0b2a9bb481c0a69a7fe2d699fcf427c3cfe75a097948c,11,10000,10000,10000,11,909.09090909,100000009999,10000000,100000000000,100000009999,0.99999990001,1000000000000000,1100000109989,909.09081819
control_2,0x0000000078c3688a,5413c74ea78233ee78a0b2a9bb481c0a69a7fe2d699fcf427c3cfe75a097948c,11,100000,100000,100000,11,9090.9090909,100000099999,1000000,100000000000,100000099999,0.99999900001,10000000000000000,1100001099989,9090.9000001
control_2,0x0000000078c3688a,5413c74ea78233ee78a0b2a9bb481c0a69a7fe2d699fcf427c3cfe75a097948c,11,1000000,1000012,250000000000,2750033,90908.000013,100000999999,100000,100001200000,100000999999,1.0000020000,100000000000000000,1100010999989,90908.181828
control_2,0x0000000078c3688a,5413c74ea78233ee78a0b2a9bb481c0a69a7fe2d699fcf427c3cfe75a097948c,12,1000,1000,250,3,83.333333333,1000000000999,1000000000,1000000000000,1000000000999,0.99999999900,250000000000000,3000000002997,83.333333250
control_2,0x0000000078c3688a,5413c74ea78233ee78a0b2a9bb481c0a69a7fe2d699fcf427c3cfe75a097948c,12,10000,10000,2500,3,833.33333333,1000000009999,100000000,1000000000000,1000000009999,0.99999999000,2500000000000000,3000000029997,833.33332500
control_2,0x0000000078c3688a,5413c74ea78233ee78a0b2a9bb481c0a69a7fe2d699fcf427c3cfe75a097948c,12,100000,100000,25000,3,8333.3333333,1000000099999,10000000,1000000000000,1000000099999,0.99999990000,25000000000000000,3000000299997,8333.3325000
control_2,0x0000000078c3688a,5413c74ea78233ee78a0b2a9bb481c0a69a7fe2d699fcf427c3cfe75a097948c,12,1000000,1000000,250000,3,83333.333333,1000000999999,1000000,1000000000000,1000000999999,0.99999900000,250000000000000000,3000002999997,83333.250000
control_3,0x0000000078c3688b,3fb393addb541c208f64c61970f8ccd887fc5add8dc476eb352ce3c6e4c353b3,1,1000,100832,31250,3151,9.9174865122,100900,1,25208,25225,0.99932606541,10000,1009,9.9108027750
control_3,0x0000000078c3688b,3fb393addb541c208f64c61970f8ccd887fc5add8dc476eb352ce3c6e4c353b3,1,10000,10010458,50000000,5005229,9.9895529256,10009000,1,5005229,5004500,1.0001456689,100000,10009,9.9910080927
control_3,0x0000000078c3688b,3fb393addb541c208f64c61970f8ccd887fc5add8dc476eb352ce3c6e4c353b3,1,100000,1000056480,62500000,6250353,9.9994352319,1000090000,1,12500706,12501125,0.99996648302,1000000,100009,9.9991000810
control_3,0x0000000078c3688b,3fb393addb541c208f64c61970f8ccd887fc5add8dc476eb352ce3c6e4c353b3,1,1000000,100000332706,500000000000,50000166353,9.9999667295,100000900000,1,50000166353,50000450000,0.99999432711,10000000,1000009,9.9999100008
control_3,0x0000000078c3688b,3fb393addb541c208f64c61970f8ccd887fc5add8dc476eb352ce3c6e4c353b3,2,1000,10998,250000,5499,45.462811420,10990,1,5499,5495,1.0007279345,50000,1099,45.495905368
control_3,0x0000000078c3688b,3fb393addb541c208f64c61970f8ccd887fc5add8dc476eb352ce3c6e4c353b3,2,10000,1009854,25000000,504927,49.512107691,1009900,1,504927,504950,0.99995445094,500000,10099,49.509852461
control_3,0x0000000078c3688b,3fb393addb541c208f64c61970f8ccd887fc5add8dc476eb352ce3c6e4c353b3,2,100000,100086556,1250000000,25021639,49.956759427,100099000,1,25021639,25024750,0.99987568307,5000000,100099,49.950548956
control_3,0x0000000078c3688b,3fb393addb541c208f64c61970f8ccd887fc5add8dc476eb352ce3c6e4c353b3,2,1000000,10000861200,1250000000,25002153,49.995694371,10000990000,1,25002153,25002475,0.99998712128,50000000,1000099,49.995050490
control_3,0x0000000078c3688b,3fb393addb541c208f64c61970f8ccd887fc5add8dc476eb352ce3c6e4c353b3,3,1000,1960,25000,147,170.06802721,1999,1,1960,1999,0.98049024512,1000000,5997,166.75004169
control_3,0x0000000078c3688b,3fb393addb541c208f64c61970f8ccd887fc5add8dc476eb352ce3c6e4c353b3,3,10000,110476,25000000,82857,301.72465815,109990,1,55238,54995,1.0044185835,10000000,32997,303.05785374
control_3,0x0000000078c3688b,3fb393addb541c208f64c61970f8ccd887fc5add8dc476eb352ce3c6e4c353b3,3,100000,10101806,5000000000,15152709,329.97400003,10099900,1,5050903,5049950,1.0001887147,100000000,302997,330.03627099
control_3,0x0000000078c3688b,3fb393addb541c208f64c61970f8ccd887fc5add8dc476eb352ce3c6e4c353b3,3,1000000,1001029706,500000000000,1501544559,332.99045107,1000999000,1,500514853,500499500,1.0000306754,1000000000,3002997,333.00066567
control_3,0x0000000078c3688b,3fb393addb541c208f64c61970f8ccd887fc5add8dc476eb352ce3c6e4c353b3,4,1000,1084,62500,271,230.62730627,10999,10,10840,10999,0.98554414038,2500000,10999,227.29339031
control_3,0x0000000078c3688b,3fb393addb541c208f64c61970f8ccd887fc5add8dc476eb352ce3c6e4c353b3,4,10000,20016,1562500,1251,1249.0007994,19999,1,20016,19999,1.0008500425,25000000,19999,1250.0625031
control_3,0x0000000078c3688b,3fb393addb541c208f64c61970f8ccd887fc5add8dc476eb352ce3c6e4c353b3,4,100000,1100420,125000000,55021,2271.8598353,1099990,1,110042,109999,1.0003909126,250000000,109999,2272.7479341
control_3,0x0000000078c3688b,3fb393addb541c208f64c61970f8ccd887fc5add8dc476eb352ce3c6e4c353b3,4,1000000,101004726,125000000000,50502363,2475.1317082,100999900,1,50502363,50499950,1.0000477822,2500000000,1009999,2475.2499755
control_3,0x0000000078c3688b,3fb393addb541c208f64c61970f8ccd887fc5add8dc476eb352ce3c6e4c353b3,5,1000,1010,20000,101,198.01980198,100999,100,101000,100999,1.0000099011,20000000,100999,198.02176259
control_3,0x0000000078c3688b,3fb393addb541c208f64c61970f8ccd887fc5add8dc476eb352ce3c6e4c353b3,5,10000,11030,2000000,1103,1813.2366274,109999,10,110300,109999,1.0027363885,200000000,109999,1818.1983473
control_3,0x0000000078c3688b,3fb393addb541c208f64c61970f8ccd887fc5add8dc476eb352ce3c6e4c353b3,5,100000,200142,1000000000,100071,9992.9050374,199999,1,200142,199999,1.0007150036,2000000000,199999,10000.050000
control_3,0x0000000078c3688b,3fb393addb541c208f64c61970f8ccd887fc5add8dc476eb352ce3c6e4c353b3,5,1000000,11005254,100000000000,5502627,18173.138030,10999990,1,5502627,5499995,1.0004785459,20000000000,1099999,18181.834711
control_3,0x0000000078c3688b,3fb393addb541c208f64c61970f8ccd887fc5add8dc476eb352ce3c6e4c353b3,6,1000,1000,500,3,166.66666667,1000999,1000,1000000,1000999,0.99900199700,500000000,3002997,166.50033283
control_3,0x0000000078c3688b,3fb393addb541c208f64c61970f8ccd887fc5add8dc476eb352ce3c6e4c353b3,6,10000,10104,6250000,3789,1649.5117445,1009999,100,1010400,1009999,1.0003970301,5000000000,3029997,1650.1666503
control_3,0x0000000078c3688b,3fb393addb541c208f64c61970f8ccd887fc5add8dc476eb352ce3c6e4c353b3,6,100000,109990,500000000,32997,15152.892687,1099999,10,1099900,1099999,0.99990999992,50000000000,3299997,15151.528926
control_3,0x0000000078c3688b,3fb393addb541c208f64c61970f8ccd887fc5add8dc476eb352ce3c6e4c353b3,6,1000000,2000914,250000000000,3001371,83295.267396,1999999,1,2000914,1999999,1.0004575002,500000000000,5999997,83333.375000
control_3,0x0000000078c3688b,3fb393addb541c208f64c61970f8ccd887fc5add8dc476eb352ce3c6e4c353b3,7,1000,1000,1000,7,142.85714286,10000999,10000,10000000,10000999,0.99990010998,10000000000,70006993,142.84287285
control_3,0x0000000078c3688b,3fb393addb541c208f64c61970f8ccd887fc5add8dc476eb352ce3c6e4c353b3,7,10000,10010,10000000,7007,1427.1442843,10009999,1000,10010000,10009999,1.0000000999,100000000000,70069993,1427.1444269
control_3,0x0000000078c3688b,3fb393addb541c208f64c61970f8ccd887fc5add8dc476eb352ce3c6e4c353b3,7,100000,100968,1250000000,88347,14148.754344,10099999,100,1442400,1442857,0.99968326730,1000000000000,70699993,14144.272970
control_3,0x0000000078c3688b,3fb393addb541c208f64c61970f8ccd887fc5add8dc476eb352ce3c6e4c353b3,7,1000000,1100114,500000000000,3850399,129856.67200,10999999,10,11001140,10999999,1.0001037273,10000000000000,76999993,129870.14168
control_3,0x0000000078c3688b,3fb393addb541c208f64c61970f8ccd887fc5add8dc476eb352ce3c6e4c353b3,8,1000,1000,125,1,125,100000999,100000,100000000,100000999,0.99999001010,12500000000,100000999,124.99875126
control_3,0x0000000078c3688b,3fb393addb541c208f64c61970f8ccd887fc5add8dc476eb352ce3c6e4c353b3,8,10000,10000,1250,1,1250,100009999,10000,100000000,100009999,0.99990002000,125000000000,100009999,1249.8750250
control_3,0x0000000078c3688b,3fb393addb541c208f64c61970f8ccd887fc5add8dc476eb352ce3c6e4c353b3,8,100000,100072,156250000,12509,12491.006475,100099999,1000,100072000,100099999,0.99972028971,1250000000000,100099999,12487.512612
control_3,0x0000000078c3688b,3fb393addb541c208f64c61970f8ccd887fc5add8dc476eb352ce3c6e4c353b3,8,1000000,1009972,31250000000,252493,123765.80737,100999999,100,100997200,100999999,0.99997228713,12500000000000,100999999,123762.37746
control_3,0x0000000078c3688b,3fb393addb541c208f64c61970f8ccd887fc5add8dc476eb352ce3c6e4c353b3,9,1000,1000,1000,9,111.11111111,1000000999,1000000,1000000000,1000000999,0.99999900100,1000000000000,9000008991,111.11100011
control_3,0x0000000078c3688b,3fb393addb541c208f64c61970f8ccd887fc5add8dc476eb352ce3c6e4c353b3,9,10000,10000,10000,9,1111.1111111,1000009999,100000,1000000000,1000009999,0.99999000110,10000000000000,9000089991,1111.1000012
control_3,0x0000000078c3688b,3fb393addb541c208f64c61970f8ccd887fc5add8dc476eb352ce3c6e4c353b3,9,100000,100006,5000000000,450027,11110.444484,1000099999,10000,1000060000,1000099999,0.99996000500,100000000000000,9000899991,11110.000122
control_3,0x0000000078c3688b,3fb393addb541c208f64c61970f8ccd887fc5add8dc476eb352ce3c6e4c353b3,9,1000000,1000910,100000000000,900819,111010.09193,1000999999,1000,1000910000,1000999999,0.99991009091,1000000000000000,9008999991,111000.11111
control_3,0x0000000078c3688b,3fb393addb541c208f64c61970f8ccd887fc5add8dc476eb352ce3c6e4c353b3,10,1000,1000,100,1,100,10000000999,10000000,10000000000,10000000999,0.99999990010,1000000000000,10000000999,99.999990010
control_3,0x0000000078c3688b,3fb393addb541c208f64c61970f8ccd887fc5add8dc476eb352ce3c6e4c353b3,10,10000,10000,1000,1,1000,10000009999,1000000,10000000000,10000009999,0.99999900010,10000000000000,10000009999,999.99900010
control_3,0x0000000078c3688b,3fb393addb541c208f64c61970f8ccd887fc5add8dc476eb352ce3c6e4c353b3,10,100000,100000,10000,1,10000,10000099999,100000,10000000000,10000099999,0.99999000020,100000000000000,10000099999,9999.9000020
control_3,0x0000000078c3688b,3fb393addb541c208f64c61970f8ccd887fc5add8dc476eb352ce3c6e4c353b3,10,1000000,1000078,50000000000,500039,99992.200608,10000999999,10000,10000780000,10000999999,0.99997800230,1000000000000000,10000999999,99990.001010
control_3,0x0000000078c3688b,3fb393addb541c208f64c61970f8ccd887fc5add8dc476eb352ce3c6e4c353b3,11,1000,1000,1000,11,90.909090909,100000000999,100000000,100000000000,100000000999,0.99999999001,100000000000000,1100000010989,90.909090001
control_3,0x0000000078c3688b,3fb393addb541c208f64c61970f8ccd887fc5add8dc476eb352ce3c6e4c353b3,11,10000,10000,10000,11,909.09090909,100000009999,10000000,100000000000,100000009999,0.99999990001,1000000000000000,1100000109989,909.09081819
control_3,0x0000000078c3688b,3fb393addb541c208f64c61970f8ccd887fc5add8dc476eb352ce3c6e4c353b3,11,100000,100000,100000,11,9090.9090909,100000099999,1000000,100000000000,100000099999,0.99999900001,10000000000000000,1100001099989,9090.9000001
control_3,0x0000000078c3688b,3fb393addb541c208f64c61970f8ccd887fc5add8dc476eb352ce3c6e4c353b3,11,1000000,1000006,500000000000,5500033,90908.545458,100000999999,100000,100000600000,100000999999,0.99999600005,100000000000000000,1100010999989,90908.181828
control_3,0x0000000078c3688b,3fb393addb541c208f64c61970f8ccd887fc5add8dc476eb352ce3c6e4c353b3,12,1000,1000,250,3,83.333333333,1000000000999,1000000000,1000000000000,1000000000999,0.99999999900,250000000000000,3000000002997,83.333333250
control_3,0x0000000078c3688b,3fb393addb541c208f64c61970f8ccd887fc5add8dc476eb352ce3c6e4c353b3,12,10000,10000,2500,3,833.33333333,1000000009999,100000000,1000000000000,1000000009999,0.99999999000,2500000000000000,3000000029997,833.33332500
control_3,0x0000000078c3688b,3fb393addb541c208f64c61970f8ccd887fc5add8dc476eb352ce3c6e4c353b3,12,100000,100000,25000,3,8333.3333333,1000000099999,10000000,1000000000000,1000000099999,0.99999990000,25000000000000000,3000000299997,8333.3325000
control_3,0x0000000078c3688b,3fb393addb541c208f64c61970f8ccd887fc5add8dc476eb352ce3c6e4c353b3,12,1000000,1000000,250000,3,83333.333333,1000000999999,1000000,1000000000000,1000000999999,0.99999900000,250000000000000000,3000002999997,83333.250000
